title,funder,type,start,end,award_in_pounds,lead_org,lead_org_dept,lead_org_address,lead_org_postcode,lead_org_region,grant_holder_firstname,grant_holder_othernames,grant_holder_surname,gtr_project_reference,gtr_url
EPSRC Centre for Doctoral Training in Condensed Matter Physics: Renewal of the CM-DTC,EPSRC,CDT,2014-08-01,2023-01-31,3992130,University of St Andrews,Physics and Astronomy,"College Gate, St. Andrews, Fife, KY16 9AJ, Scotland, United Kingdom",KY16 9AJ,Scotland,Christopher,Andrew,Hooley,EP/L015110/1,http://gtr.rcuk.ac.uk:80/projects?ref=EP%2FL015110%2F1
Centre for Doctoral Training in Healthcare Innovation,EPSRC,CDT,2009-10-01,2018-03-31,7174440,University of Oxford,Engineering Science,"University Chest, Wellington Square, Oxford, OX1 2JD, South East, United Kingdom",OX1 2JD,South East,Alison,,Noble,EP/G036861/1,http://gtr.rcuk.ac.uk:80/projects?ref=EP%2FG036861%2F1
MASDOC: A Centre for Doctoral Training in the Mathematical Sciences,EPSRC,CDT,2010-10-01,2017-09-30,4248510,University of Warwick,Mathematics,"Warwickshire, Coventry, West Midlands, CV4 7AL, West Midlands, United Kingdom",CV4 7AL,West Midlands,Charlie,,Elliott,EP/H023364/1,http://gtr.rcuk.ac.uk:80/projects?ref=EP%2FH023364%2F1
EPSRC Centre for Doctoral Training in Sustainable Chemical Technologies,EPSRC,CDT,2014-10-01,2023-03-31,4564930,University of Bath,Chemistry,"University of Bath, Claverton Down, Bath, Avon, BA2 7AY, South West, United Kingdom",BA2 7AY,South West,Matthew,Gwilym,Davidson,EP/L016354/1,http://gtr.rcuk.ac.uk:80/projects?ref=EP%2FL016354%2F1
EPSRC Centre for Doctoral Training in Controlled Quantum Dynamics,EPSRC,CDT,2014-04-01,2022-09-30,4161030,Imperial College London,Dept of Physics,"South Kensington Campus, Exhibition Road, London, SW7 2AZ, London, United Kingdom",SW7 2AZ,London,Myungshik,,Kim,EP/L016524/1,http://gtr.rcuk.ac.uk:80/projects?ref=EP%2FL016524%2F1
EPSRC Centre for Doctoral Training in Molecular Analytical Science,EPSRC,CDT,2014-09-22,2023-03-21,4112090,University of Warwick,Chemistry,"Warwickshire, Coventry, West Midlands, CV4 7AL, West Midlands, United Kingdom",CV4 7AL,West Midlands,Patrick,,Unwin,EP/L015307/1,http://gtr.rcuk.ac.uk:80/projects?ref=EP%2FL015307%2F1
"EPSRC Centre for Doctoral Training in Science and Engineering in Arts, Heritage and Archaeology",EPSRC,CDT,2014-04-01,2022-09-30,4715730,University College London,"Bartlett Sch of Env, Energy & Resources","Gower Street, London, WC1E 6BT, London, United Kingdom",WC1E 6BT,London,May,,Cassar,EP/L016036/1,http://gtr.rcuk.ac.uk:80/projects?ref=EP%2FL016036%2F1
EPSRC Centre for Doctoral Training in Renewable Energy Marine Structures (REMS),EPSRC,CDT,2014-05-01,2022-10-31,3984290,Cranfield University,"Sch of Aerospace, Transport & Manufact","Cranfield, Bedford, Bedfordshire, MK43 0AL, East of England, United Kingdom",MK43 0AL,East of England,Feargal,Peter,Brennan,EP/L016303/1,http://gtr.rcuk.ac.uk:80/projects?ref=EP%2FL016303%2F1
EPSRC Centre for Doctoral Training in the Science and Applications of Graphene and Related Nanomaterials (GrapheneNOWNANO),EPSRC,CDT,2014-04-01,2022-09-30,4475730,University of Manchester,Physics and Astronomy,"Oxford Road, Manchester, M13 9PL, North West, United Kingdom",M13 9PL,North West,Irina,,Grigorieva,EP/L01548X/1,http://gtr.rcuk.ac.uk:80/projects?ref=EP%2FL01548X%2F1
EPSRC and MRC Centre for Doctoral Training in Mathematics for Real-World Systems,EPSRC,CDT,2014-04-01,2022-09-30,3692570,University of Warwick,Mathematics,"Warwickshire, Coventry, West Midlands, CV4 7AL, West Midlands, United Kingdom",CV4 7AL,West Midlands,Robert,Sinclair,MacKay,EP/L015374/1,http://gtr.rcuk.ac.uk:80/projects?ref=EP%2FL015374%2F1
EPSRC Centre for Doctoral Training in Bioenergy,EPSRC,CDT,2014-10-01,2023-03-31,4336510,University of Leeds,Chemical and Process Engineering,"University of Leeds, Leeds, West Yorkshire, LS2 9JT, Yorkshire and The Humber, United Kingdom",LS2 9JT,Yorkshire and The Humber,Jenny,Marie,Jones,EP/L014912/1,http://gtr.rcuk.ac.uk:80/projects?ref=EP%2FL014912%2F1
Systems Biology Doctoral Training Centre,EPSRC,CDT,2009-10-01,2019-03-31,6200150,University of Oxford,Mathematical & Physical Sciences Div,"University Chest, Wellington Square, Oxford, OX1 2JD, South East, United Kingdom",OX1 2JD,South East,David,,Gavaghan,EP/G03706X/1,http://gtr.rcuk.ac.uk:80/projects?ref=EP%2FG03706X%2F1
LSI Doctoral Training Centres - CoMPLEX,EPSRC,CDT,2008-10-01,2018-03-31,4691120,University College London,CoMPLEX,"Gower Street, London, WC1E 6BT, London, United Kingdom",WC1E 6BT,London,Andrew,,Pomiankowski,EP/F500351/1,http://gtr.rcuk.ac.uk:80/projects?ref=EP%2FF500351%2F1
Security Science Doctoral Training Centre,EPSRC,CDT,2009-10-01,2018-09-30,7446270,University College London,Security and Crime Science,"Gower Street, London, WC1E 6BT, London, United Kingdom",WC1E 6BT,London,Nick,,Tilley,EP/G037264/1,http://gtr.rcuk.ac.uk:80/projects?ref=EP%2FG037264%2F1
Scottish ESRC Doctoral Training Centre DTC 2011,ESRC,CDT,2011-10-01,2020-09-30,24610500,University of Edinburgh,Sch of Social and Political Science,"Old College, South Bridge, Mayfield Road, Edinburgh, EH8 9YL, Scotland, United Kingdom",EH8 9YL,Scotland,Charlie,,Jeffery,ES/J500136/1,http://gtr.rcuk.ac.uk:80/projects?ref=ES%2FJ500136%2F1
"EPSRC CENTRE for DOCTORAL TRAINING in Financial Computing &amp; Analytics (covering Computational finance, Financial ICT, Regulation, Retail)",EPSRC,CDT,2014-10-01,2023-03-31,4160710,University College London,Computer Science,"Gower Street, London, WC1E 6BT, London, United Kingdom",WC1E 6BT,London,Philip,,Treleaven,EP/L015129/1,http://gtr.rcuk.ac.uk:80/projects?ref=EP%2FL015129%2F1
EPSRC Centre for Doctoral Training in Machining Science,EPSRC,CDT,2014-10-01,2023-03-31,2704040,University of Sheffield,Mechanical Engineering,"Firth Court, Western Bank, Sheffield, South Yorkshire, S10 2TN, Yorkshire and The Humber, United Kingdom",S10 2TN,Yorkshire and The Humber,Keith,,Ridgway,EP/L016257/1,http://gtr.rcuk.ac.uk:80/projects?ref=EP%2FL016257%2F1
EPSRC Centre for Doctoral Training in Digital Entertainment,EPSRC,CDT,2014-04-01,2022-09-30,4568970,University of Bath,Computer Science,"University of Bath, Claverton Down, Bath, Avon, BA2 7AY, South West, United Kingdom",BA2 7AY,South West,Phil,,Willis,EP/L016540/1,http://gtr.rcuk.ac.uk:80/projects?ref=EP%2FL016540%2F1
EPSRC Centre for Doctoral Training in Medical Imaging,EPSRC,CDT,2014-04-01,2022-09-30,4818500,King's College London,Imaging & Biomedical Engineering,"Capital House, 2nd Floor, Guys Campus, 42 Weston Street, London, SE1 3QD, London, United Kingdom",SE1 3QD,London,Tobias Richard,,Schaeffter,EP/L015226/1,http://gtr.rcuk.ac.uk:80/projects?ref=EP%2FL015226%2F1
EPSRC Centre for Doctoral Training in Industrial Functional Coatings: COATED2,EPSRC,CDT,2015-05-18,2022-11-17,2613840,Swansea University,School of Engineering,"Singleton Park, SA2 8PP, Wales, United Kingdom",SA2 8PP,Wales,James,Henley,Sullivan,EP/L015099/1,http://gtr.rcuk.ac.uk:80/projects?ref=EP%2FL015099%2F1
EPSRC Centre for Doctoral Training in Fluid Dynamics across Scales,EPSRC,CDT,2014-04-01,2022-09-30,4279850,Imperial College London,Dept of Aeronautics,"South Kensington Campus, Exhibition Road, London, SW7 2AZ, London, United Kingdom",SW7 2AZ,London,John,Christos,Vassilicos,EP/L016230/1,http://gtr.rcuk.ac.uk:80/projects?ref=EP%2FL016230%2F1
EPSRC and MRC Centre for Doctoral Training in Regenerative Medicine,EPSRC,CDT,2014-10-01,2023-03-31,3529510,Loughborough University,Chemical Engineering,"Loughborough University, Loughborough, Leicestershire, LE11 3TU, East Midlands, United Kingdom",LE11 3TU,East Midlands,Chris,,Hewitt,EP/L015072/1,http://gtr.rcuk.ac.uk:80/projects?ref=EP%2FL015072%2F1
Centre for Doctoral Training in Non-Destructive Evaluation,EPSRC,CDT,2011-10-01,2018-09-30,2200000,Imperial College London,Dept of Mechanical Engineering,"South Kensington Campus, Exhibition Road, London, SW7 2AZ, London, United Kingdom",SW7 2AZ,London,Peter,,Cawley,EP/I017704/1,http://gtr.rcuk.ac.uk:80/projects?ref=EP%2FI017704%2F1
EPSRC Centre for Doctoral Training in Sustainable Chemistry,EPSRC,CDT,2014-04-01,2022-09-30,5282600,University of Nottingham,Sch of Chemistry,"University Park, Nottingham, Nottinghamshire, NG7 2RD, East Midlands, United Kingdom",NG7 2RD,East Midlands,Christopher,,Moody,EP/L015633/1,http://gtr.rcuk.ac.uk:80/projects?ref=EP%2FL015633%2F1
EPSRC Centre for Doctoral Training in New and Sustainable PV,EPSRC,CDT,2014-10-01,2023-03-31,5260810,University of Liverpool,Physics,"Senate House, Abercromby Square, Liverpool, L69 3BX, North West, United Kingdom",L69 3BX,North West,Ken,,Durose,EP/L01551X/1,http://gtr.rcuk.ac.uk:80/projects?ref=EP%2FL01551X%2F1
EPSRC Centre for Doctoral Training in Urban Science and Progress,EPSRC,CDT,2014-04-01,2022-09-30,3910920,University of Warwick,Computer Science,"Warwickshire, Coventry, West Midlands, CV4 7AL, West Midlands, United Kingdom",CV4 7AL,West Midlands,Stephen,,Jarvis,EP/L016400/1,http://gtr.rcuk.ac.uk:80/projects?ref=EP%2FL016400%2F1
EPSRC Centre for Doctoral Training in Sustainable Infrastructure Systems,EPSRC,CDT,2014-05-01,2022-10-31,3110920,University of Southampton,Faculty of Engineering & the Environment,"Administration Building, Highfield, Southampton, Hampshire, SO17 1BJ, South East, United Kingdom",SO17 1BJ,South East,William,,Powrie,EP/L01582X/1,http://gtr.rcuk.ac.uk:80/projects?ref=EP%2FL01582X%2F1
EPSRC Centre for Doctoral Training in Integrated Tribology,EPSRC,CDT,2014-04-01,2022-09-30,3519550,University of Sheffield,Mechanical Engineering,"Firth Court, Western Bank, Sheffield, South Yorkshire, S10 2TN, Yorkshire and The Humber, United Kingdom",S10 2TN,Yorkshire and The Humber,Robert,,Dwyer-Joyce,EP/L01629X/1,http://gtr.rcuk.ac.uk:80/projects?ref=EP%2FL01629X%2F1
EPSRC Centre for Doctoral Training in Gas Turbine Aerodynamics,EPSRC,CDT,2014-04-01,2022-09-30,5245730,University of Cambridge,Engineering,"Lensfield Road, Cambridge, CB2 1EW, East of England, United Kingdom",CB2 1EW,East of England,Robert,John,Miller,EP/L015943/1,http://gtr.rcuk.ac.uk:80/projects?ref=EP%2FL015943%2F1
EPSRC Centre for Doctoral Training in Applied Photonics,EPSRC,CDT,2014-09-01,2023-02-28,4462100,Heriot-Watt University,Sch of Engineering and Physical Science,"Administration Building, Riccarton, Ricarton, Currie, EH14 4AS, Scotland, United Kingdom",EH14 4AS,Scotland,Derryck,,Reid,EP/L01596X/1,http://gtr.rcuk.ac.uk:80/projects?ref=EP%2FL01596X%2F1
EPSRC Centre for Doctoral Training in Web Science Innovation,EPSRC,CDT,2014-10-01,2023-03-31,3618520,University of Southampton,Electronics and Computer Science,"Administration Building, Highfield, Southampton, Hampshire, SO17 1BJ, South East, United Kingdom",SO17 1BJ,South East,Wendy,,Hall,EP/L016117/1,http://gtr.rcuk.ac.uk:80/projects?ref=EP%2FL016117%2F1
EPSRC Centre for Doctoral Training in Electromagnetic Metamaterials,EPSRC,CDT,2014-04-01,2022-09-30,4976860,University of Exeter,Physics,"University of Exeter, Clydesdale House, Clydesdale Road, Exeter, EX4 4QX, South West, United Kingdom",EX4 4QX,South West,John,Roy,Sambles,EP/L015331/1,http://gtr.rcuk.ac.uk:80/projects?ref=EP%2FL015331%2F1
EPSRC Centre for Doctoral Training in Sustainable and Functional Nano,EPSRC,CDT,2014-04-01,2022-09-30,4545290,University of Cambridge,Physics,"Lensfield Road, Cambridge, CB2 1EW, East of England, United Kingdom",CB2 1EW,East of England,Jeremy,John,Baumberg,EP/L015978/1,http://gtr.rcuk.ac.uk:80/projects?ref=EP%2FL015978%2F1
EPSRC Centre for Doctoral Training in Industrially Focused Mathematical Modelling,EPSRC,CDT,2014-04-01,2022-09-30,4292330,University of Oxford,Mathematical Institute,"University Chest, Wellington Square, Oxford, OX1 2JD, South East, United Kingdom",OX1 2JD,South East,Colin,Peter,Please,EP/L015803/1,http://gtr.rcuk.ac.uk:80/projects?ref=EP%2FL015803%2F1
EPSRC Centre for Doctoral Training in Sustainable Civil Engineering,EPSRC,CDT,2014-04-01,2022-09-30,3820870,Imperial College London,Civil & Environmental Engineering,"South Kensington Campus, Exhibition Road, London, SW7 2AZ, London, United Kingdom",SW7 2AZ,London,Christopher,,Cheeseman,EP/L016826/1,http://gtr.rcuk.ac.uk:80/projects?ref=EP%2FL016826%2F1
EPSRC Centre for Doctoral Training in Advanced Therapeutics &amp; Nanomedicines,EPSRC,CDT,2014-05-01,2022-10-31,4546480,University of Nottingham,Sch of Pharmacy,"University Park, Nottingham, Nottinghamshire, NG7 2RD, East Midlands, United Kingdom",NG7 2RD,East Midlands,Cameron,,Alexander,EP/L01646X/1,http://gtr.rcuk.ac.uk:80/projects?ref=EP%2FL01646X%2F1
EPSRC Centre for Doctoral Training in Diamond Science and Technology,EPSRC,CDT,2014-04-01,2022-09-30,4521200,University of Warwick,Chemistry,"Warwickshire, Coventry, West Midlands, CV4 7AL, West Midlands, United Kingdom",CV4 7AL,West Midlands,Mark,Edward,Newton,EP/L015315/1,http://gtr.rcuk.ac.uk:80/projects?ref=EP%2FL015315%2F1
Centre for Doctoral Training in Cyber Security at Royal Holloway,EPSRC,CDT,2013-04-01,2019-12-31,3793550,"Royal Holloway, University of London",Information Security,"Egham Hill, Egham, Surrey, TW20 0EX, South East, United Kingdom",TW20 0EX,South East,Carlos,,CID,EP/K035584/1,http://gtr.rcuk.ac.uk:80/projects?ref=EP%2FK035584%2F1
EPSRC Centre for Doctoral Training in Critical Resource Catalysis - CRITICAT,EPSRC,CDT,2014-05-01,2022-10-31,4324690,University of St Andrews,Chemistry,"College Gate, St. Andrews, Fife, KY16 9AJ, Scotland, United Kingdom",KY16 9AJ,Scotland,Andrew,David,Smith,EP/L016419/1,http://gtr.rcuk.ac.uk:80/projects?ref=EP%2FL016419%2F1
EPSRC Centre for Doctoral Training in My Life in Data,EPSRC,CDT,2014-10-01,2023-03-31,3354860,University of Nottingham,School of Computer Science,"University Park, Nottingham, Nottinghamshire, NG7 2RD, East Midlands, United Kingdom",NG7 2RD,East Midlands,Steve,,Benford,EP/L015463/1,http://gtr.rcuk.ac.uk:80/projects?ref=EP%2FL015463%2F1
EPSRC Centre for Doctoral Training in Materials for Demanding Environments,EPSRC,CDT,2014-05-01,2022-10-31,4280340,University of Manchester,Materials,"Oxford Road, Manchester, M13 9PL, North West, United Kingdom",M13 9PL,North West,Philip,,Withers,EP/L01680X/1,http://gtr.rcuk.ac.uk:80/projects?ref=EP%2FL01680X%2F1
EPSRC Centre for Doctoral Training in Condensed Matter Physics,EPSRC,CDT,2014-05-01,2022-10-31,4275430,University of Bristol,Physics,"Senate House, Bristol, Avon, BS8 1TH, South West, United Kingdom",BS8 1TH,South West,Stephen,,Hayden,EP/L015544/1,http://gtr.rcuk.ac.uk:80/projects?ref=EP%2FL015544%2F1
EPSRC Centre for Doctoral Training in Integrative Sensing and Measurement,EPSRC,CDT,2014-05-01,2022-10-31,4884590,University of Glasgow,College of Science and Engineering,"University Avenue, Glasgow, G12 8QQ, Scotland, United Kingdom",G12 8QQ,Scotland,Andrew,,Harvey,EP/L016753/1,http://gtr.rcuk.ac.uk:80/projects?ref=EP%2FL016753%2F1
EPSRC Centre for Doctoral Training in Embedded Intelligence,EPSRC,CDT,2014-04-01,2022-09-30,3567110,Loughborough University,"Wolfson Sch of Mech, Elec & Manufac Eng","Loughborough University, Loughborough, Leicestershire, LE11 3TU, East Midlands, United Kingdom",LE11 3TU,East Midlands,Paul,,Conway,EP/L014998/1,http://gtr.rcuk.ac.uk:80/projects?ref=EP%2FL014998%2F1
EPSRC Centre for Doctoral Training in Pervasive Parallelism,EPSRC,CDT,2014-04-01,2022-09-30,3892290,University of Edinburgh,Sch of Informatics,"Old College, South Bridge, Mayfield Road, Edinburgh, EH8 9YL, Scotland, United Kingdom",EH8 9YL,Scotland,Michael,,O'Boyle,EP/L01503X/1,http://gtr.rcuk.ac.uk:80/projects?ref=EP%2FL01503X%2F1
EPSRC Centre for Doctoral Training in Fluid Dynamics at Leeds,EPSRC,CDT,2014-04-01,2022-09-30,3897430,University of Leeds,Sch of Computing,"University of Leeds, Leeds, West Yorkshire, LS2 9JT, Yorkshire and The Humber, United Kingdom",LS2 9JT,Yorkshire and The Humber,Peter,Kane,Jimack,EP/L01615X/1,http://gtr.rcuk.ac.uk:80/projects?ref=EP%2FL01615X%2F1
EPSRC Centre for Doctoral Training in Energy Demand (LoLo),EPSRC,CDT,2014-04-01,2022-09-30,4248120,University College London,"Bartlett Sch of Env, Energy & Resources","Gower Street, London, WC1E 6BT, London, United Kingdom",WC1E 6BT,London,Robert,John,Lowe,EP/L01517X/1,http://gtr.rcuk.ac.uk:80/projects?ref=EP%2FL01517X%2F1
EPSRC and MRC Centre for Doctoral Training in Regenerative Medicine,EPSRC,CDT,2014-04-01,2022-09-30,4366190,University of Manchester,Engineering and Physical Sciences,"Oxford Road, Manchester, M13 9PL, North West, United Kingdom",M13 9PL,North West,Matthew,James,Hardman,EP/L014904/1,http://gtr.rcuk.ac.uk:80/projects?ref=EP%2FL014904%2F1
EPSRC Centre for Doctoral Training in Plastic Electronic Materials,EPSRC,CDT,2014-04-01,2022-09-30,4145260,Imperial College London,Dept of Physics,"South Kensington Campus, Exhibition Road, London, SW7 2AZ, London, United Kingdom",SW7 2AZ,London,Paul Nicholas,,Stavrinou,EP/L016702/1,http://gtr.rcuk.ac.uk:80/projects?ref=EP%2FL016702%2F1
EPSRC Centre for Doctoral Training in Graphene Technology,EPSRC,CDT,2014-04-01,2022-09-30,4650770,University of Cambridge,Engineering,"Lensfield Road, Cambridge, CB2 1EW, East of England, United Kingdom",CB2 1EW,East of England,Andrea,Carlo,Ferrari,EP/L016087/1,http://gtr.rcuk.ac.uk:80/projects?ref=EP%2FL016087%2F1
EPSRC Centre for Doctoral Training in Quantum Engineering,EPSRC,CDT,2014-04-01,2022-09-30,4876030,University of Bristol,Physics,"Senate House, Bristol, Avon, BS8 1TH, South West, United Kingdom",BS8 1TH,South West,Mark,Gerard,Thompson,EP/L015730/1,http://gtr.rcuk.ac.uk:80/projects?ref=EP%2FL015730%2F1
EPSRC Centre for Doctoral Training in Ultra Precision,EPSRC,CDT,2015-04-01,2022-09-30,3672730,University of Cambridge,Engineering,"Lensfield Road, Cambridge, CB2 1EW, East of England, United Kingdom",CB2 1EW,East of England,William,,O'Neill,EP/L016567/1,http://gtr.rcuk.ac.uk:80/projects?ref=EP%2FL016567%2F1
EPSRC and BBSRC Centre for Doctoral Training in Synthetic Biology,EPSRC,CDT,2014-04-01,2022-09-30,4750810,University of Oxford,Synthetic Biology DTC,"University Chest, Wellington Square, Oxford, OX1 2JD, South East, United Kingdom",OX1 2JD,South East,Antonis,,Papachristodoulou,EP/L016494/1,http://gtr.rcuk.ac.uk:80/projects?ref=EP%2FL016494%2F1
Manchester Centre for Doctoral Training in Computer Science,EPSRC,CDT,2011-04-01,2019-09-30,2206080,University of Manchester,Computer Science,"Oxford Road, Manchester, M13 9PL, North West, United Kingdom",M13 9PL,North West,Stephen,,Furber,EP/I028099/1,http://gtr.rcuk.ac.uk:80/projects?ref=EP%2FI028099%2F1
EPSRC Centre for Doctoral Training in Chemical Synthesis,EPSRC,CDT,2014-04-01,2022-09-30,5268180,University of Bristol,Chemistry,"Senate House, Bristol, Avon, BS8 1TH, South West, United Kingdom",BS8 1TH,South West,Kevin,Iain,Booker-Milburn,EP/L015366/1,http://gtr.rcuk.ac.uk:80/projects?ref=EP%2FL015366%2F1
Doctoral Training Centre in Web Science,EPSRC,CDT,2009-10-01,2018-03-31,5996360,University of Southampton,Electronics and Computer Science,"Administration Building, Highfield, Southampton, Hampshire, SO17 1BJ, South East, United Kingdom",SO17 1BJ,South East,Wendy,,Hall,EP/G036926/1,http://gtr.rcuk.ac.uk:80/projects?ref=EP%2FG036926%2F1
Doctoral Training Centre in Wind Energy Systems,EPSRC,CDT,2009-10-01,2018-03-31,5883330,University of Strathclyde,Electronic and Electrical Engineering,"16 Richmond Street, Glasgow, G1 1XQ, Scotland, United Kingdom",G1 1XQ,Scotland,William,Edward,Leithead,EP/G037728/1,http://gtr.rcuk.ac.uk:80/projects?ref=EP%2FG037728%2F1
Life Sciences Interface Doctoral Training Centre,EPSRC,CDT,2008-10-01,2018-03-31,5468670,University of Oxford,Mathematical & Physical Sciences Div,"University Chest, Wellington Square, Oxford, OX1 2JD, South East, United Kingdom",OX1 2JD,South East,David,,Gavaghan,EP/F500394/1,http://gtr.rcuk.ac.uk:80/projects?ref=EP%2FF500394%2F1
Doctoral Training Centre in Financial Computing,EPSRC,CDT,2009-10-01,2018-03-31,7516740,University College London,Computer Science,"Gower Street, London, WC1E 6BT, London, United Kingdom",WC1E 6BT,London,Philip,,Treleaven,EP/G036306/1,http://gtr.rcuk.ac.uk:80/projects?ref=EP%2FG036306%2F1
Doctoral Training Centre in Sustainable Chemical Technologies,EPSRC,CDT,2009-10-01,2018-03-31,7492220,University of Bath,Chemistry,"University of Bath, Claverton Down, Bath, Avon, BA2 7AY, South West, United Kingdom",BA2 7AY,South West,Matthew,Gwilym,Davidson,EP/G03768X/1,http://gtr.rcuk.ac.uk:80/projects?ref=EP%2FG03768X%2F1
Doctoral Training Centre in Functional Nanomaterials,EPSRC,CDT,2009-10-01,2018-03-31,7154510,University of Bristol,Chemistry,"Senate House, Bristol, Avon, BS8 1TH, South West, United Kingdom",BS8 1TH,South West,Terence,James,McMaster,EP/G036780/1,http://gtr.rcuk.ac.uk:80/projects?ref=EP%2FG036780%2F1
NOWNANO DTC: A North West Nanoscience Doctoral Training Centre,EPSRC,CDT,2009-10-01,2018-03-31,4920210,University of Manchester,Chemistry,"Oxford Road, Manchester, M13 9PL, North West, United Kingdom",M13 9PL,North West,Irina,,Grigorieva,EP/G03737X/1,http://gtr.rcuk.ac.uk:80/projects?ref=EP%2FG03737X%2F1
LSI Doctoral Training Centres - The doctoral training centre in chemical biology,EPSRC,CDT,2008-10-01,2018-03-31,4752730,Imperial College London,Dept of Chemistry,"South Kensington Campus, Exhibition Road, London, SW7 2AZ, London, United Kingdom",SW7 2AZ,London,Richard,,Templer,EP/F500416/1,http://gtr.rcuk.ac.uk:80/projects?ref=EP%2FF500416%2F1
Bristol Centre for Complexity Sciences (BCCS) Centre for Doctoral Training (CDT): Proposal for renewal,EPSRC,CDT,2011-10-01,2018-03-31,3610640,University of Bristol,Engineering Mathematics,"Senate House, Bristol, Avon, BS8 1TH, South West, United Kingdom",BS8 1TH,South West,Stephen,John,Hogan,EP/I013717/1,http://gtr.rcuk.ac.uk:80/projects?ref=EP%2FI013717%2F1
EPSRC Centre for Doctoral Training (CDT) in Sensor Technologies and Application,EPSRC,CDT,2014-05-01,2022-10-31,3807960,University of Cambridge,Chemical Engineering and Biotechnology,"Lensfield Road, Cambridge, CB2 1EW, East of England, United Kingdom",CB2 1EW,East of England,Clemens,,Kaminski,EP/L015889/1,http://gtr.rcuk.ac.uk:80/projects?ref=EP%2FL015889%2F1
EPSRC Centre for Doctoral Training (CDT) in Nuclear Fission- Next Generation Nuclear,EPSRC,CDT,2014-04-01,2022-09-30,5181480,University of Manchester,Chemistry,"Oxford Road, Manchester, M13 9PL, North West, United Kingdom",M13 9PL,North West,Francis,,Livens,EP/L015390/1,http://gtr.rcuk.ac.uk:80/projects?ref=EP%2FL015390%2F1
A UK Magnetic Resonance Basic Technology Centre for Doctoral Training (UK-MRBT-CDT),EPSRC,CDT,2011-04-01,2018-03-31,1983940,University of Warwick,Physics,"Warwickshire, Coventry, West Midlands, CV4 7AL, West Midlands, United Kingdom",CV4 7AL,West Midlands,Malcolm,Harris,Levitt,EP/J500045/1,http://gtr.rcuk.ac.uk:80/projects?ref=EP%2FJ500045%2F1
"CENTRE FOR DOCTORAL TRAINING IN STATISTICS AND OPERATIONAL RESEARCH, LANCASTER UNIVERSITY (LUSTOR)",EPSRC,CDT,2010-10-01,2018-03-31,4515760,Lancaster University,Mathematics and Statistics,"University House, Lancaster, Lancashire, LA1 4YW, North West, United Kingdom",LA1 4YW,North West,Jonathan,,Tawn,EP/H023151/1,http://gtr.rcuk.ac.uk:80/projects?ref=EP%2FH023151%2F1
Doctoral Training Centre in Continuous Manufacturing and Crystallisation,EPSRC,CDT,2012-07-01,2018-12-31,4348960,University of Strathclyde,Inst of Pharmacy and Biomedical Sci,"16 Richmond Street, Glasgow, G1 1XQ, Scotland, United Kingdom",G1 1XQ,Scotland,Alastair,James,Florence,EP/K503289/1,http://gtr.rcuk.ac.uk:80/projects?ref=EP%2FK503289%2F1
A centre for doctoral training on the theory and simulation of materials,EPSRC,CDT,2009-10-01,2018-03-31,6418300,Imperial College London,Dept of Physics,"South Kensington Campus, Exhibition Road, London, SW7 2AZ, London, United Kingdom",SW7 2AZ,London,Arash,,Mostofi,EP/G036888/1,http://gtr.rcuk.ac.uk:80/projects?ref=EP%2FG036888%2F1
The Scottish Doctoral Training Centre in Condensed Matter Physics,EPSRC,CDT,2009-10-01,2018-03-31,6673290,University of St Andrews,Physics and Astronomy,"College Gate, St. Andrews, Fife, KY16 9AJ, Scotland, United Kingdom",KY16 9AJ,Scotland,Andy,Peter,MacKenzie,EP/G03673X/1,http://gtr.rcuk.ac.uk:80/projects?ref=EP%2FG03673X%2F1
EPSRC and AHRC Centre for Doctoral Training in Media and Arts Technology,EPSRC,CDT,2014-05-01,2022-10-31,3697940,"Queen Mary, University of London",Sch of Electronic Eng & Computer Science,"Mile End Road, London, E1 4NS, London, United Kingdom",E1 4NS,London,Nicholas,Johnathan,Bryan-Kinns,EP/L01632X/1,http://gtr.rcuk.ac.uk:80/projects?ref=EP%2FL01632X%2F1
A Doctoral Training Centre in Complex Systems Simulations,EPSRC,CDT,2009-10-01,2018-03-31,6531180,University of Southampton,School of Chemistry,"Administration Building, Highfield, Southampton, Hampshire, SO17 1BJ, South East, United Kingdom",SO17 1BJ,South East,Jonathan,Wynne,Essex,EP/G03690X/1,http://gtr.rcuk.ac.uk:80/projects?ref=EP%2FG03690X%2F1
LSI Doctoral Training Centres - Neuroinformatics and computational neuroscience,EPSRC,CDT,2008-10-01,2018-03-31,4782910,University of Edinburgh,Sch of Informatics,"Old College, South Bridge, Mayfield Road, Edinburgh, EH8 9YL, Scotland, United Kingdom",EH8 9YL,Scotland,Mark,,van Rossum,EP/F500386/1,http://gtr.rcuk.ac.uk:80/projects?ref=EP%2FF500386%2F1
EPSRC Centre for Doctoral Training in Partial Differential Equations: Analysis and Applications,EPSRC,CDT,2014-04-01,2022-09-30,4313520,University of Oxford,Mathematical Institute,"University Chest, Wellington Square, Oxford, OX1 2JD, South East, United Kingdom",OX1 2JD,South East,Gui-Qiang George,,Chen,EP/L015811/1,http://gtr.rcuk.ac.uk:80/projects?ref=EP%2FL015811%2F1
EPSRC Centre for Doctoral Training in Wind and Marine Energy Systems,EPSRC,CDT,2014-04-01,2022-09-30,3893970,University of Strathclyde,Electronic and Electrical Engineering,"16 Richmond Street, Glasgow, G1 1XQ, Scotland, United Kingdom",G1 1XQ,Scotland,William,Edward,Leithead,EP/L016680/1,http://gtr.rcuk.ac.uk:80/projects?ref=EP%2FL016680%2F1
EPSRC Centre for Doctoral Training in Theory and Modelling in Chemical Sciences.,EPSRC,CDT,2014-04-01,2022-09-30,4456570,University of Oxford,Theory and Modelling in Chem Sci CDT,"University Chest, Wellington Square, Oxford, OX1 2JD, South East, United Kingdom",OX1 2JD,South East,David,Edwin,Logan,EP/L015722/1,http://gtr.rcuk.ac.uk:80/projects?ref=EP%2FL015722%2F1
EPSRC Centre for Doctoral Training in Additive Manufacturing and 3D Printing,EPSRC,CDT,2014-04-01,2022-09-30,4557040,University of Nottingham,Faculty of Engineering,"University Park, Nottingham, Nottinghamshire, NG7 2RD, East Midlands, United Kingdom",NG7 2RD,East Midlands,Christopher,John,Tuck,EP/L01534X/1,http://gtr.rcuk.ac.uk:80/projects?ref=EP%2FL01534X%2F1
EPSRC Centre for Doctoral Training in Future Infrastructure and Built Environment,EPSRC,CDT,2014-04-01,2022-09-30,4417690,University of Cambridge,Engineering,"Lensfield Road, Cambridge, CB2 1EW, East of England, United Kingdom",CB2 1EW,East of England,Lord Robert,,Mair,EP/L016095/1,http://gtr.rcuk.ac.uk:80/projects?ref=EP%2FL016095%2F1
LSI DTCs 2007-Doctoral Training Centre for Regenerative Medicine,EPSRC,CDT,2008-10-01,2018-03-31,7155550,Loughborough University,"Wolfson Sch of Mech, Elec & Manufac Eng","Loughborough University, Loughborough, Leicestershire, LE11 3TU, East Midlands, United Kingdom",LE11 3TU,East Midlands,David John,,Williams,EP/F500491/1,http://gtr.rcuk.ac.uk:80/projects?ref=EP%2FF500491%2F1
CENTRE FOR DOCTORAL TRAINING IN THE EPSRC CENTRE FOR INNOVATIVE MANUFACTURING IN EMERGENT MACROMOLECULAR THERAPIES,EPSRC,CDT,2012-10-01,2019-03-31,2410820,University College London,Biochemical Engineering,"Gower Street, London, WC1E 6BT, London, United Kingdom",WC1E 6BT,London,Paul,Anthony,Dalby,EP/K503332/1,http://gtr.rcuk.ac.uk:80/projects?ref=EP%2FK503332%2F1
EPSRC Centre for Doctoral Training in Physical Sciences for Health (Sci-Phy-4-Health),EPSRC,CDT,2014-04-01,2022-09-30,3509720,University of Birmingham,School of Chemistry,"Edgbaston Park Road, Edgbaston, B15 2TT, West Midlands, United Kingdom",B15 2TT,West Midlands,Michael,John,Hannon,EP/L016346/1,http://gtr.rcuk.ac.uk:80/projects?ref=EP%2FL016346%2F1
EPSRC Centre for Doctoral Training in Advanced Composites for Innovation and Science,EPSRC,CDT,2014-04-01,2022-09-30,4858760,University of Bristol,Aerospace Engineering,"Senate House, Bristol, Avon, BS8 1TH, South West, United Kingdom",BS8 1TH,South West,Paul,Michael,Weaver,EP/L016028/1,http://gtr.rcuk.ac.uk:80/projects?ref=EP%2FL016028%2F1
EPSRC Centre for Doctoral Training in the Decarbonisation of the Built Environment (DBE),EPSRC,CDT,2014-06-20,2022-12-19,5061,University of Bath,Architecture and Civil Engineering,"University of Bath, Claverton Down, Bath, Avon, BA2 7AY, South West, United Kingdom",BA2 7AY,South West,Sukumar,,Natarajan,EP/L016869/1,http://gtr.rcuk.ac.uk:80/projects?ref=EP%2FL016869%2F1
EPSRC Centre for Doctoral Training in Integrated Photonic and Electronic Systems,EPSRC,CDT,2014-04-01,2022-09-30,4259180,University College London,Electronic and Electrical Engineering,"Gower Street, London, WC1E 6BT, London, United Kingdom",WC1E 6BT,London,Alwyn,,Seeds,EP/L015455/1,http://gtr.rcuk.ac.uk:80/projects?ref=EP%2FL015455%2F1
EPSRC Centre for Doctoral Training in Physical Sciences Innovation in Chemical Biology for Bioindustry and Healthcare,EPSRC,CDT,2014-04-01,2022-09-30,4617550,Imperial College London,Dept of Chemistry,"South Kensington Campus, Exhibition Road, London, SW7 2AZ, London, United Kingdom",SW7 2AZ,London,Oscar,,Ces,EP/L015498/1,http://gtr.rcuk.ac.uk:80/projects?ref=EP%2FL015498%2F1
EPSRC Centre for Doctoral Training in Soft Matter and Functional Interfaces,EPSRC,CDT,2014-04-01,2022-09-30,4807570,Durham University,Chemistry,"Old Shire Hall, Old Elvet, Durham, County Durham, DH1 3HP, North East, United Kingdom",DH1 3HP,North East,Tom,,McLeish,EP/L015536/1,http://gtr.rcuk.ac.uk:80/projects?ref=EP%2FL015536%2F1
EPSRC Centre for Doctoral Training in Robotics and Autonomous Systems (RAS) in Edinburgh,EPSRC,CDT,2014-04-01,2022-09-30,5741640,Heriot-Watt University,Sch of Engineering and Physical Science,"Administration Building, Riccarton, Ricarton, Currie, EH14 4AS, Scotland, United Kingdom",EH14 4AS,Scotland,David,,Lane,EP/L016834/1,http://gtr.rcuk.ac.uk:80/projects?ref=EP%2FL016834%2F1
EPSRC Centre for Doctoral Training in Molecular Modelling and Materials Science,EPSRC,CDT,2014-04-01,2022-09-30,3821570,University College London,Chemistry,"Gower Street, London, WC1E 6BT, London, United Kingdom",WC1E 6BT,London,Ivan,Paul,Parkin,EP/L015862/1,http://gtr.rcuk.ac.uk:80/projects?ref=EP%2FL015862%2F1
EPSRC Centre for Doctoral Training in High Performance Embedded and Distributed Systems,EPSRC,CDT,2014-04-01,2022-09-30,4081690,Imperial College London,Dept of Computing,"South Kensington Campus, Exhibition Road, London, SW7 2AZ, London, United Kingdom",SW7 2AZ,London,Wayne,,Luk,EP/L016796/1,http://gtr.rcuk.ac.uk:80/projects?ref=EP%2FL016796%2F1
EPSRC Centre for Doctoral Training in Power Networks at The University of Manchester,EPSRC,CDT,2014-04-01,2022-09-30,3948760,University of Manchester,Electrical and Electronic Engineering,"Oxford Road, Manchester, M13 9PL, North West, United Kingdom",M13 9PL,North West,Peter,,Crossley,EP/L016141/1,http://gtr.rcuk.ac.uk:80/projects?ref=EP%2FL016141%2F1
"EPSRC Centre for Doctoral Training in Polymers, Soft Matter and Colloids",EPSRC,CDT,2014-04-01,2022-09-30,4066460,University of Sheffield,Chemistry,"Firth Court, Western Bank, Sheffield, South Yorkshire, S10 2TN, Yorkshire and The Humber, United Kingdom",S10 2TN,Yorkshire and The Humber,Steven,,Armes,EP/L016281/1,http://gtr.rcuk.ac.uk:80/projects?ref=EP%2FL016281%2F1
EPSRC Centre for Doctoral Training in Theory and Simulation of Materials,EPSRC,CDT,2014-04-01,2022-09-30,4356840,Imperial College London,Dept of Physics,"South Kensington Campus, Exhibition Road, London, SW7 2AZ, London, United Kingdom",SW7 2AZ,London,Arash,,Mostofi,EP/L015579/1,http://gtr.rcuk.ac.uk:80/projects?ref=EP%2FL015579%2F1
EPSRC Centre for Doctoral Training in Complex Particulate Products and Processes,EPSRC,CDT,2014-05-01,2022-10-31,3585910,University of Leeds,Chemical and Process Engineering,"University of Leeds, Leeds, West Yorkshire, LS2 9JT, Yorkshire and The Humber, United Kingdom",LS2 9JT,Yorkshire and The Humber,Kevin,John,Roberts,EP/L015285/1,http://gtr.rcuk.ac.uk:80/projects?ref=EP%2FL015285%2F1
EPSRC Centre for Doctoral Training in Neurotechnology for Life and Health,EPSRC,CDT,2014-04-01,2022-09-30,4164300,Imperial College London,Dept of Bioengineering,"South Kensington Campus, Exhibition Road, London, SW7 2AZ, London, United Kingdom",SW7 2AZ,London,Simon,Ross,Schultz,EP/L016737/1,http://gtr.rcuk.ac.uk:80/projects?ref=EP%2FL016737%2F1
EPSRC Centre for Doctoral Training in Autonomous Intelligent Machines and Systems (AIMS),EPSRC,CDT,2014-04-01,2022-09-30,4548910,University of Oxford,Engineering Science,"University Chest, Wellington Square, Oxford, OX1 2JD, South East, United Kingdom",OX1 2JD,South East,Stephen,,Roberts,EP/L015897/1,http://gtr.rcuk.ac.uk:80/projects?ref=EP%2FL015897%2F1
EPSRC Centre for Doctoral Training in Nuclear Energy: Building UK Civil Nuclear Skills for Global Markets.,EPSRC,CDT,2014-04-01,2022-09-30,4153660,Imperial College London,Materials,"South Kensington Campus, Exhibition Road, London, SW7 2AZ, London, United Kingdom",SW7 2AZ,London,William Edward (Bill),,Lee,EP/L015900/1,http://gtr.rcuk.ac.uk:80/projects?ref=EP%2FL015900%2F1
EPSRC CENTRE FOR DOCTORAL TRAINING IN STATISTICS &amp; OPERATIONAL RESEARCH IN PARTNERSHIP WITH INDUSTRY (STOR-i),EPSRC,CDT,2014-04-01,2022-09-30,3878130,Lancaster University,Mathematics and Statistics,"University House, Lancaster, Lancashire, LA1 4YW, North West, United Kingdom",LA1 4YW,North West,Jonathan,,Tawn,EP/L015692/1,http://gtr.rcuk.ac.uk:80/projects?ref=EP%2FL015692%2F1
EPSRC Centre for Doctoral Training in Statistical Applied Mathematics at Bath (SAMBa),EPSRC,CDT,2014-05-01,2022-10-31,3774210,University of Bath,Mathematical Sciences,"University of Bath, Claverton Down, Bath, Avon, BA2 7AY, South West, United Kingdom",BA2 7AY,South West,Andreas,Eou,Kyprianou,EP/L015684/1,http://gtr.rcuk.ac.uk:80/projects?ref=EP%2FL015684%2F1
EPSRC Centre for Doctoral Training in Water Informatics: Science and Engineering (WISE),EPSRC,CDT,2014-04-01,2022-09-30,5292700,University of Exeter,Engineering Computer Science and Maths,"University of Exeter, Clydesdale House, Clydesdale Road, Exeter, EX4 4QX, South West, United Kingdom",EX4 4QX,South West,Dragan,,Savic,EP/L016214/1,http://gtr.rcuk.ac.uk:80/projects?ref=EP%2FL016214%2F1
EPSRC Centre for Doctoral Training in Cloud Computing for Big Data,EPSRC,CDT,2014-05-01,2022-10-31,3503440,Newcastle University,Computing Sciences,"1 Park Terrace, Newcastle Upon Tyne, Tyne and Wear, NE1 7RU, North East, United Kingdom",NE1 7RU,North East,Paul,,Watson,EP/L015358/1,http://gtr.rcuk.ac.uk:80/projects?ref=EP%2FL015358%2F1
EPSRC Centre for Doctoral Training in Future Communications 2: : Training Tomorrow's Internet Innovators,EPSRC,CDT,2016-04-01,2022-09-30,3034320,University of Bristol,Electrical and Electronic Engineering,"Senate House, Bristol, Avon, BS8 1TH, South West, United Kingdom",BS8 1TH,South West,David,,Bull,EP/L016656/1,http://gtr.rcuk.ac.uk:80/projects?ref=EP%2FL016656%2F1
EPSRC Centre for Doctoral Training in Synthesis for Biology and Medicine,EPSRC,CDT,2014-04-01,2022-09-30,4811030,University of Oxford,Oxford Chemistry,"University Chest, Wellington Square, Oxford, OX1 2JD, South East, United Kingdom",OX1 2JD,South East,Darren,James,Dixon,EP/L015838/1,http://gtr.rcuk.ac.uk:80/projects?ref=EP%2FL015838%2F1
EPSRC Centre for Doctoral Training in the Advanced Characterisation of Materials,EPSRC,CDT,2014-05-01,2022-10-31,4226130,Imperial College London,Materials,"South Kensington Campus, Exhibition Road, London, SW7 2AZ, London, United Kingdom",SW7 2AZ,London,Stephen,John,Skinner,EP/L015277/1,http://gtr.rcuk.ac.uk:80/projects?ref=EP%2FL015277%2F1
EPSRC Centre for Doctoral Training in Computational Methods for Materials Science,EPSRC,CDT,2014-04-01,2022-09-30,4521210,University of Cambridge,Physics,"Lensfield Road, Cambridge, CB2 1EW, East of England, United Kingdom",CB2 1EW,East of England,Michael,Christopher,Payne,EP/L015552/1,http://gtr.rcuk.ac.uk:80/projects?ref=EP%2FL015552%2F1
EPSRC Centre for Doctoral Training in Carbon Capture and Storage and Cleaner Fossil Energy,EPSRC,CDT,2014-04-01,2022-09-30,3452110,University of Nottingham,Faculty of Engineering,"University Park, Nottingham, Nottinghamshire, NG7 2RD, East Midlands, United Kingdom",NG7 2RD,East Midlands,Colin,Edward,Snape,EP/L016362/1,http://gtr.rcuk.ac.uk:80/projects?ref=EP%2FL016362%2F1
EPSRC Centre for Doctoral Training in Analysis (Cambridge Centre for Analysis),EPSRC,CDT,2014-05-01,2022-10-31,3239840,University of Cambridge,Pure Maths and Mathematical Statistics,"Lensfield Road, Cambridge, CB2 1EW, East of England, United Kingdom",CB2 1EW,East of England,James,,Norris,EP/L016516/1,http://gtr.rcuk.ac.uk:80/projects?ref=EP%2FL016516%2F1
EPSRC Centre for Doctoral Training in Future Autonomous and Robotic Systems - FARSCOPE,EPSRC,CDT,2014-04-01,2022-09-30,4930860,University of Bristol,Aerospace Engineering,"Senate House, Bristol, Avon, BS8 1TH, South West, United Kingdom",BS8 1TH,South West,Arthur,,Richards,EP/L015293/1,http://gtr.rcuk.ac.uk:80/projects?ref=EP%2FL015293%2F1
EPSRC Centre for Doctoral Training in Photonic Integration and Advanced Data Storage,EPSRC,CDT,2014-04-01,2022-09-30,3000000,Queen's University of Belfast,Sch of Mathematics and Physics,"University Road, Belfast, County Antrim, BT7 1NN, Northern Ireland, United Kingdom",BT7 1NN,Northern Ireland,Robert,,Bowman,EP/L015323/1,http://gtr.rcuk.ac.uk:80/projects?ref=EP%2FL015323%2F1
EPSRC Centre for Doctoral Training in Intelligent Games &amp; Game Intelligence (IGGI),EPSRC,CDT,2014-04-01,2022-09-30,5589510,University of York,Computer Science,"Heslington, York, North Yorkshire, YO10 5DD, Yorkshire and The Humber, United Kingdom",YO10 5DD,Yorkshire and The Humber,Peter,Ivan,Cowling,EP/L015846/1,http://gtr.rcuk.ac.uk:80/projects?ref=EP%2FL015846%2F1
EPSRC Centre for Doctoral Training in the Science and Technology of Fusion Energy,EPSRC,CDT,2014-04-01,2022-09-30,3732000,University of York,Physics,"Heslington, York, North Yorkshire, YO10 5DD, Yorkshire and The Humber, United Kingdom",YO10 5DD,Yorkshire and The Humber,Howard,,Wilson,EP/L01663X/1,http://gtr.rcuk.ac.uk:80/projects?ref=EP%2FL01663X%2F1
Centre for Doctoral Training in Cyber Security at Royal Holloway: Renewal of the CS-CDT at RHUL,EPSRC,CDT,2016-10-01,2023-03-31,3454900,"Royal Holloway, University of London",Information Security,"Egham Hill, Egham, Surrey, TW20 0EX, South East, United Kingdom",TW20 0EX,South East,Carlos,,CID,EP/P009301/1,http://gtr.rcuk.ac.uk:80/projects?ref=EP%2FP009301%2F1
EPSRC and MRC Centre for Doctoral Training in Next Generation Statistical Science: The Oxford-Warwick Statistics Programme.,EPSRC,CDT,2014-04-01,2022-09-30,4263190,University of Oxford,Statistics,"University Chest, Wellington Square, Oxford, OX1 2JD, South East, United Kingdom",OX1 2JD,South East,Christopher,,Holmes,EP/L016710/1,http://gtr.rcuk.ac.uk:80/projects?ref=EP%2FL016710%2F1
EPSRC CENTRE FOR DOCTORAL TRAINING IN THE MATHEMATICS OF PLANET EARTH AT IMPERIAL COLLEGE LONDON AND THE UNIVERSITY OF READING,EPSRC,CDT,2014-04-01,2022-09-30,5463490,Imperial College London,Dept of Mathematics,"South Kensington Campus, Exhibition Road, London, SW7 2AZ, London, United Kingdom",SW7 2AZ,London,Dan,,Crisan,EP/L016613/1,http://gtr.rcuk.ac.uk:80/projects?ref=EP%2FL016613%2F1
EPSRC and ESRC Centre for Doctoral Training in Quantification and Management of Risk &amp; Uncertainty in Complex Systems &amp; Environments.,EPSRC,CDT,2014-10-01,2023-03-31,4113080,University of Liverpool,School of Engineering,"Senate House, Abercromby Square, Liverpool, L69 3BX, North West, United Kingdom",L69 3BX,North West,John,,Mottershead,EP/L015927/1,http://gtr.rcuk.ac.uk:80/projects?ref=EP%2FL015927%2F1
EPSRC Centre for Doctoral Training in Tissue Engineering and Regenerative Medicine; Innovation in Medical and Biological Engineering,EPSRC,CDT,2014-04-01,2022-09-30,3334100,University of Leeds,Mechanical Engineering,"University of Leeds, Leeds, West Yorkshire, LS2 9JT, Yorkshire and The Humber, United Kingdom",LS2 9JT,Yorkshire and The Humber,Joanne,Lisbeth,Tipper,EP/L014823/1,http://gtr.rcuk.ac.uk:80/projects?ref=EP%2FL014823%2F1
EPSRC Centre for Doctoral Training in Fuel Cells and their Fuels - Clean Power for the 21st Century,EPSRC,CDT,2014-04-01,2022-09-30,4416320,University of Birmingham,Chemical Engineering,"Edgbaston Park Road, Edgbaston, B15 2TT, West Midlands, United Kingdom",B15 2TT,West Midlands,Robert,,Steinberger-Wilckens,EP/L015749/1,http://gtr.rcuk.ac.uk:80/projects?ref=EP%2FL015749%2F1
EPSRC Centre for Doctoral Training in Mathematical Analysis and its Applications:Maxwell Institute Graduate School in Analysis &amp; Applications - MIGSAA,EPSRC,CDT,2014-05-01,2022-10-31,4543510,University of Edinburgh,Sch of Mathematics,"Old College, South Bridge, Mayfield Road, Edinburgh, EH8 9YL, Scotland, United Kingdom",EH8 9YL,Scotland,Anthony,,Carbery,EP/L016508/1,http://gtr.rcuk.ac.uk:80/projects?ref=EP%2FL016508%2F1
The UK Doctoral Training Centre in Energy Demand Reduction and the Built Environment,EPSRC,CDT,2009-10-01,2018-03-31,5814410,University College London,"Bartlett Sch of Env, Energy & Resources","Gower Street, London, WC1E 6BT, London, United Kingdom",WC1E 6BT,London,Robert,John,Lowe,EP/H009612/1,http://gtr.rcuk.ac.uk:80/projects?ref=EP%2FH009612%2F1
Advanced Composites Centre for Innovation &amp; Science (ACCIS) Doctoral Training Centre,EPSRC,CDT,2009-10-01,2018-03-31,7133150,University of Bristol,Aerospace Engineering,"Senate House, Bristol, Avon, BS8 1TH, South West, United Kingdom",BS8 1TH,South West,Michael,,Wisnom,EP/G036772/1,http://gtr.rcuk.ac.uk:80/projects?ref=EP%2FG036772%2F1
Doctoral Training Centre in Advanced Metallic Systems - Challenges in Global Competitiveness,EPSRC,CDT,2009-10-01,2018-03-31,6370660,University of Sheffield,Materials Science and Engineering,"Firth Court, Western Bank, Sheffield, South Yorkshire, S10 2TN, Yorkshire and The Humber, United Kingdom",S10 2TN,Yorkshire and The Humber,Bradley,Peter,Wynne,EP/G036950/1,http://gtr.rcuk.ac.uk:80/projects?ref=EP%2FG036950%2F1
Cambridge NanoScience through Engineering to Application Doctoral Training Centre: Assembly of Functional NanoMaterials and NanoDevices,EPSRC,CDT,2009-10-01,2018-03-31,6758720,University of Cambridge,Physics,"Lensfield Road, Cambridge, CB2 1EW, East of England, United Kingdom",CB2 1EW,East of England,Jeremy,John,Baumberg,EP/G037221/1,http://gtr.rcuk.ac.uk:80/projects?ref=EP%2FG037221%2F1
Doctoral Training Centre in Digital Music and Media for the Creative Economy,EPSRC,CDT,2009-10-01,2018-03-31,5971210,"Queen Mary, University of London",Sch of Electronic Eng & Computer Science,"Mile End Road, London, E1 4NS, London, United Kingdom",E1 4NS,London,Mark,,Sandler,EP/G03723X/1,http://gtr.rcuk.ac.uk:80/projects?ref=EP%2FG03723X%2F1
Doctoral Training Centre in Science and Application of Plastic Electronic Materials,EPSRC,CDT,2009-10-01,2018-03-31,7293480,Imperial College London,Dept of Physics,"South Kensington Campus, Exhibition Road, London, SW7 2AZ, London, United Kingdom",SW7 2AZ,London,Jenny,,Nelson,EP/G037515/1,http://gtr.rcuk.ac.uk:80/projects?ref=EP%2FG037515%2F1
EPSRC Centre for Doctoral Training in Emergent Macromolecular Therapies (EMT): A National CDT linked to an EPSRC Centre for Innovative Manufacturing,EPSRC,CDT,2015-10-01,2022-09-30,3709820,University College London,Biochemical Engineering,"Gower Street, London, WC1E 6BT, London, United Kingdom",WC1E 6BT,London,Paul,Anthony,Dalby,EP/L015218/1,http://gtr.rcuk.ac.uk:80/projects?ref=EP%2FL015218%2F1
EPSRC and MRC Centre for Doctoral Training in Optical Medical Imaging - Training the next generation of scientific entrepreneurs in healthcare tech.,EPSRC,CDT,2014-05-01,2022-10-31,4536460,University of Edinburgh,Sch of Chemistry,"Old College, South Bridge, Mayfield Road, Edinburgh, EH8 9YL, Scotland, United Kingdom",EH8 9YL,Scotland,Mark,,Bradley,EP/L016559/1,http://gtr.rcuk.ac.uk:80/projects?ref=EP%2FL016559%2F1
EPSRC Centre for Doctoral Training in Catalysis,EPSRC,CDT,2014-04-01,2022-09-30,4504580,Cardiff University,Chemistry,"Research & Consultancy, PO Box 923, Cardiff, South Glamorgan, CF10 3TE, Wales, United Kingdom",CF10 3TE,Wales,Graham,,Hutchings,EP/L016443/1,http://gtr.rcuk.ac.uk:80/projects?ref=EP%2FL016443%2F1
LSI Doctoral Training Centres - Medical devices doctoral training centre,EPSRC,CDT,2008-10-01,2018-03-31,4612580,University of Strathclyde,Biomedical Engineering,"16 Richmond Street, Glasgow, G1 1XQ, Scotland, United Kingdom",G1 1XQ,Scotland,Patricia,,Connolly,EP/F50036X/1,http://gtr.rcuk.ac.uk:80/projects?ref=EP%2FF50036X%2F1
EPSRC Centre for Doctoral Training in Bioprocess Engineering Leadership,EPSRC,CDT,2014-10-01,2023-03-31,4424690,University College London,Biochemical Engineering,"Gower Street, London, WC1E 6BT, London, United Kingdom",WC1E 6BT,London,Gary,,Lye,EP/L01520X/1,http://gtr.rcuk.ac.uk:80/projects?ref=EP%2FL01520X%2F1
EPSRC Centre for Doctoral Training in Composites Manufacture,EPSRC,CDT,2014-04-01,2022-09-30,3731260,University of Bristol,Aerospace Engineering,"Senate House, Bristol, Avon, BS8 1TH, South West, United Kingdom",BS8 1TH,South West,Ivana,Katherine,Partridge,EP/L015102/1,http://gtr.rcuk.ac.uk:80/projects?ref=EP%2FL015102%2F1
EPSRC Centre for Doctoral Training in Medical Imaging,EPSRC,CDT,2014-04-01,2022-09-30,5686850,University College London,Medical Physics and Biomedical Eng,"Gower Street, London, WC1E 6BT, London, United Kingdom",WC1E 6BT,London,Sebastien,,Ourselin,EP/L016478/1,http://gtr.rcuk.ac.uk:80/projects?ref=EP%2FL016478%2F1
EPSRC and MRC Centre for Doctoral Training in Biomedical Imaging,EPSRC,CDT,2014-05-01,2022-10-31,3864870,University of Oxford,Biomedical Imaging CDT,"University Chest, Wellington Square, Oxford, OX1 2JD, South East, United Kingdom",OX1 2JD,South East,Peter,,Jezzard,EP/L016052/1,http://gtr.rcuk.ac.uk:80/projects?ref=EP%2FL016052%2F1
EPSRC Centre for Doctoral Training in Next Generation Computational Modelling,EPSRC,CDT,2014-04-01,2022-09-30,3941020,University of Southampton,Faculty of Engineering & the Environment,"Administration Building, Highfield, Southampton, Hampshire, SO17 1BJ, South East, United Kingdom",SO17 1BJ,South East,Hans,,Fangohr,EP/L015382/1,http://gtr.rcuk.ac.uk:80/projects?ref=EP%2FL015382%2F1
EPSRC Centre for Doctoral Training in Innovative Metal Processing IMPaCT,EPSRC,CDT,2014-04-01,2022-09-30,3118340,University of Leicester,Engineering,"University Road, Leicester, Leicestershire, LE1 7RH, East Midlands, United Kingdom",LE1 7RH,East Midlands,Hongbiao,,Dong,EP/L016206/1,http://gtr.rcuk.ac.uk:80/projects?ref=EP%2FL016206%2F1
EPSRC Centre for Doctoral Training in Delivering Quantum Technologies,EPSRC,CDT,2014-04-01,2022-09-30,5004660,University College London,London Centre for Nanotechnology,"Gower Street, London, WC1E 6BT, London, United Kingdom",WC1E 6BT,London,Daniel Edward,,Browne,EP/L015242/1,http://gtr.rcuk.ac.uk:80/projects?ref=EP%2FL015242%2F1
Oxford University Centre for Doctoral Training in Cyber Security,EPSRC,CDT,2013-04-01,2019-12-31,3662580,University of Oxford,Computer Science,"University Chest, Wellington Square, Oxford, OX1 2JD, South East, United Kingdom",OX1 2JD,South East,Andrew,,Martin,EP/K035606/1,http://gtr.rcuk.ac.uk:80/projects?ref=EP%2FK035606%2F1
EPSRC Centre for Doctoral Training in Data Science,EPSRC,CDT,2014-04-01,2022-09-30,4726270,University of Edinburgh,Sch of Informatics,"Old College, South Bridge, Mayfield Road, Edinburgh, EH8 9YL, Scotland, United Kingdom",EH8 9YL,Scotland,Chris,,Williams,EP/L016427/1,http://gtr.rcuk.ac.uk:80/projects?ref=EP%2FL016427%2F1
EPSRC Centre for Doctoral Training in Formulation Engineering,EPSRC,CDT,2014-10-01,2023-03-31,3609850,University of Birmingham,Chemical Engineering,"Edgbaston Park Road, Edgbaston, B15 2TT, West Midlands, United Kingdom",B15 2TT,West Midlands,Peter,Jonathan,Fryer,EP/L015153/1,http://gtr.rcuk.ac.uk:80/projects?ref=EP%2FL015153%2F1
EPSRC Centre for Doctoral Training in Quantitative NDE,EPSRC,CDT,2015-04-01,2022-09-30,3033180,Imperial College London,Dept of Mechanical Engineering,"South Kensington Campus, Exhibition Road, London, SW7 2AZ, London, United Kingdom",SW7 2AZ,London,Peter,,Cawley,EP/L015587/1,http://gtr.rcuk.ac.uk:80/projects?ref=EP%2FL015587%2F1
EPSRC Centre for Doctoral Training in Functional Materials: The BCFN,EPSRC,CDT,2014-04-01,2022-09-30,4555660,University of Bristol,Physics,"Senate House, Bristol, Avon, BS8 1TH, South West, United Kingdom",BS8 1TH,South West,Terence,James,McMaster,EP/L016648/1,http://gtr.rcuk.ac.uk:80/projects?ref=EP%2FL016648%2F1
EPSRC Centre for Doctoral Training in Digital Civics,EPSRC,CDT,2014-04-01,2022-09-30,4707330,Newcastle University,Computing Sciences,"1 Park Terrace, Newcastle Upon Tyne, Tyne and Wear, NE1 7RU, North East, United Kingdom",NE1 7RU,North East,Patrick,,Olivier,EP/L016176/1,http://gtr.rcuk.ac.uk:80/projects?ref=EP%2FL016176%2F1
Warwick Complexity Science Doctoral Training Centre 2,EPSRC,CDT,2011-10-01,2017-09-30,3442540,University of Warwick,Physics,"Warwickshire, Coventry, West Midlands, CV4 7AL, West Midlands, United Kingdom",CV4 7AL,West Midlands,Robin,Christopher,Ball,EP/I01358X/1,http://gtr.rcuk.ac.uk:80/projects?ref=EP%2FI01358X%2F1
Wales ESRC Doctoral Training Centre DTG 2011,ESRC,CDT,2011-10-01,2020-09-30,14239700,Cardiff University,Registry,"Research & Consultancy, PO Box 923, Cardiff, South Glamorgan, CF10 3TE, Wales, United Kingdom",CF10 3TE,Wales,Amanda,,Rouse,ES/J500197/1,http://gtr.rcuk.ac.uk:80/projects?ref=ES%2FJ500197%2F1
LSI Doctoral Training Centres - Doctoral Training Centre in Cell &amp; Proteomic Technologies,EPSRC,CDT,2008-10-01,2018-03-31,4820420,University of Glasgow,School of Life Sciences,"University Avenue, Glasgow, G12 8QQ, Scotland, United Kingdom",G12 8QQ,Scotland,Jonathan,,Cooper,EP/F500424/1,http://gtr.rcuk.ac.uk:80/projects?ref=EP%2FF500424%2F1
LSI Doctoral Training Centres - Molecular organisation and assembly in cells (MOAC) doctoral training centre,EPSRC,CDT,2008-10-01,2018-03-31,5496420,University of Warwick,Chemistry,"Warwickshire, Coventry, West Midlands, CV4 7AL, West Midlands, United Kingdom",CV4 7AL,West Midlands,Alison,,Rodger,EP/F500378/1,http://gtr.rcuk.ac.uk:80/projects?ref=EP%2FF500378%2F1
Queen Mary and Goldsmiths ESRC Doctoral Training Centre DTG 2011,ESRC,CDT,2011-10-01,2020-09-30,4595040,"Queen Mary, University of London",English,"Mile End Road, London, E1 4NS, London, United Kingdom",E1 4NS,London,Virginia,Grace,Davis,ES/J500124/1,http://gtr.rcuk.ac.uk:80/projects?ref=ES%2FJ500124%2F1
North West ESRC Doctoral Training Centre DTG 2011,ESRC,CDT,2011-10-01,2020-09-30,24718100,University of Liverpool,Graduate School,"Senate House, Abercromby Square, Liverpool, L69 3BX, North West, United Kingdom",L69 3BX,North West,Peter,William,Batey,ES/J500094/1,http://gtr.rcuk.ac.uk:80/projects?ref=ES%2FJ500094%2F1
Cambridge &amp; Cranfield Doctoral Training Centre in Ultra Precision,EPSRC,CDT,2012-10-01,2019-03-31,2566790,University of Cambridge,Engineering,"Lensfield Road, Cambridge, CB2 1EW, East of England, United Kingdom",CB2 1EW,East of England,William,,O'Neill,EP/K503241/1,http://gtr.rcuk.ac.uk:80/projects?ref=EP%2FK503241%2F1
London Business School ESRC Doctoral Training Centre DTG 2011,ESRC,CDT,2011-10-01,2020-09-30,2946600,London Business School,Research and Faculty Office,"Sussex Place, Regents Park, London, NW1 4SA, London, United Kingdom",NW1 4SA,London,Phanish,,Puranam,ES/J500069/1,http://gtr.rcuk.ac.uk:80/projects?ref=ES%2FJ500069%2F1
University of Southampton ESRC Doctoral Training Centre DTG 2011,ESRC,CDT,2011-10-01,2020-09-30,7438930,University of Southampton,School of Social Sciences,"Administration Building, Highfield, Southampton, Hampshire, SO17 1BJ, South East, United Kingdom",SO17 1BJ,South East,Jane,Cecelia,Falkingham,ES/J500161/1,http://gtr.rcuk.ac.uk:80/projects?ref=ES%2FJ500161%2F1
University of Nottingham ESRC Doctoral Training Centre DTG 2011,ESRC,CDT,2011-10-01,2020-09-30,7190820,University of Nottingham,Research and Graduate Services,"University Park, Nottingham, Nottinghamshire, NG7 2RD, East Midlands, United Kingdom",NG7 2RD,East Midlands,Claire,,O'Malley,ES/J500100/1,http://gtr.rcuk.ac.uk:80/projects?ref=ES%2FJ500100%2F1
South West ESRC Doctoral Training Centre DTG 2011,ESRC,CDT,2011-10-01,2020-09-30,15744100,University of Bristol,Research and Enterprise Development,"Senate House, Bristol, Avon, BS8 1TH, South West, United Kingdom",BS8 1TH,South West,Judith,,Squires,ES/J50015X/1,http://gtr.rcuk.ac.uk:80/projects?ref=ES%2FJ50015X%2F1
"Doctoral Training Centre in Hydrogen, Fuel Cells and their Applications",EPSRC,CDT,2009-10-01,2018-03-31,5542950,University of Birmingham,Chemical Engineering,"Edgbaston Park Road, Edgbaston, B15 2TT, West Midlands, United Kingdom",B15 2TT,West Midlands,Kevin,,Kendall,EP/G037116/1,http://gtr.rcuk.ac.uk:80/projects?ref=EP%2FG037116%2F1
A Holistic Doctoral Training Centre for Chemical Synthesis,EPSRC,CDT,2009-10-01,2018-03-31,8086500,University of Bristol,Chemistry,"Senate House, Bristol, Avon, BS8 1TH, South West, United Kingdom",BS8 1TH,South West,Kevin,Iain,Booker-Milburn,EP/G036764/1,http://gtr.rcuk.ac.uk:80/projects?ref=EP%2FG036764%2F1
South East ESRC Doctoral Training Centre DTG 2011,ESRC,CDT,2011-10-01,2020-09-30,9519310,University of Surrey,Psychology,"Registry, Stag Hill, Guildford, Surrey, GU2 7XH, South East, United Kingdom",GU2 7XH,South East,Chris,,Fife-Schaw,ES/J500148/1,http://gtr.rcuk.ac.uk:80/projects?ref=ES%2FJ500148%2F1
University of Warwick ESRC Doctoral Training Centre DTG 2011,ESRC,CDT,2011-10-03,2020-09-30,10904000,University of Warwick,Research Support Services,"Warwickshire, Coventry, West Midlands, CV4 7AL, West Midlands, United Kingdom",CV4 7AL,West Midlands,Michael,,Saward,ES/J500203/1,http://gtr.rcuk.ac.uk:80/projects?ref=ES%2FJ500203%2F1
University of Essex ESRC Doctoral Training Centre DTG 2011,ESRC,CDT,2011-10-01,2020-09-30,6977360,University of Essex,Sociology,"Wivenhoe Park, Colchester, Essex, CO4 3SQ, East of England, United Kingdom",CO4 3SQ,East of England,Pamela,,Cox,ES/J500045/1,http://gtr.rcuk.ac.uk:80/projects?ref=ES%2FJ500045%2F1
University of Cambridge ESRC Doctoral Training Centre DTG 2011,ESRC,CDT,2011-10-01,2020-09-30,9930060,University of Cambridge,Board of Graduate Studies,"Lensfield Road, Cambridge, CB2 1EW, East of England, United Kingdom",CB2 1EW,East of England,Loraine,Ruth,Gelsthorpe,ES/J500033/1,http://gtr.rcuk.ac.uk:80/projects?ref=ES%2FJ500033%2F1
University of Oxford ESRC Doctoral Training Centre DTG 2011,ESRC,CDT,2011-10-01,2020-09-30,17188400,University of Oxford,Social Sciences Division,"University Chest, Wellington Square, Oxford, OX1 2JD, South East, United Kingdom",OX1 2JD,South East,Roger,J,Goodman,ES/J500112/1,http://gtr.rcuk.ac.uk:80/projects?ref=ES%2FJ500112%2F1
University College London ESRC Doctoral Training Centre DTG 2011,ESRC,CDT,2011-10-01,2020-09-30,13213000,University College London,Economics,"Gower Street, London, WC1E 6BT, London, United Kingdom",WC1E 6BT,London,Stephen,Malcolm,Hart,ES/J500185/1,http://gtr.rcuk.ac.uk:80/projects?ref=ES%2FJ500185%2F1
North East ESRC Doctoral Training Centre DTG 2011,ESRC,CDT,2011-10-01,2020-09-30,10222400,Durham University,Archaeology,"Old Shire Hall, Old Elvet, Durham, County Durham, DH1 3HP, North East, United Kingdom",DH1 3HP,North East,Ian,,Greener,ES/J500082/1,http://gtr.rcuk.ac.uk:80/projects?ref=ES%2FJ500082%2F1
University of Birmingham ESRC Doctoral Training Centre DTG 2011,ESRC,CDT,2011-10-01,2020-09-30,5503660,University of Birmingham,The Registrar,"Edgbaston Park Road, Edgbaston, B15 2TT, West Midlands, United Kingdom",B15 2TT,West Midlands,Hilary,,Watson,ES/J50001X/1,http://gtr.rcuk.ac.uk:80/projects?ref=ES%2FJ50001X%2F1
London School of Economics ESRC Doctoral Training Centre DTG 2011,ESRC,CDT,2011-10-01,2020-09-30,15316400,London School of Economics & Pol Sci,Research & Project Development Division,"Houghton Street, Aldwych, London, WC2A 2AE, London, United Kingdom",WC2A 2AE,London,Janet,Margaret,Hartley,ES/J500070/1,http://gtr.rcuk.ac.uk:80/projects?ref=ES%2FJ500070%2F1
White Rose ESRC Doctoral Training Centre DTG 2011,ESRC,CDT,2011-10-01,2020-09-30,18443900,University of Sheffield,Geography,"Firth Court, Western Bank, Sheffield, South Yorkshire, S10 2TN, Yorkshire and The Humber, United Kingdom",S10 2TN,Yorkshire and The Humber,Martin John,,Smith,ES/J500215/1,http://gtr.rcuk.ac.uk:80/projects?ref=ES%2FJ500215%2F1
Kings College London ESRC Doctoral Training Centre DTG 2011,ESRC,CDT,2011-10-01,2020-09-30,6344210,King's College London,SSPP School Office,"Capital House, 2nd Floor, Guys Campus, 42 Weston Street, London, SE1 3QD, London, United Kingdom",SE1 3QD,London,Jennie,,Eldridge,ES/J500057/1,http://gtr.rcuk.ac.uk:80/projects?ref=ES%2FJ500057%2F1
University of Sussex ESRC Doctoral Training Centre DTG 2011,ESRC,CDT,2011-10-01,2020-09-30,4357090,University of Sussex,Research and Enterprise Services,"The Administration, Sussex House, Falmer, Brighton, East Sussex, BN1 9RH, South East, United Kingdom",BN1 9RH,South East,Alan,,Garnham,ES/J500173/1,http://gtr.rcuk.ac.uk:80/projects?ref=ES%2FJ500173%2F1
Bloomsbury Colleges ESRC Doctoral Training Centre DTG 2011,ESRC,CDT,2011-10-01,2020-09-30,11269900,University College London,Doctoral School,"Gower Street, London, WC1E 6BT, London, United Kingdom",WC1E 6BT,London,Andrew,,Tolmie,ES/J500021/1,http://gtr.rcuk.ac.uk:80/projects?ref=ES%2FJ500021%2F1
Centre for Doctoral Training in Basic Technologies for Molecular-Scale Engineering,EPSRC,CDT,2011-10-01,2018-09-30,1999640,University of Leeds,Electronic and Electrical Engineering,"University of Leeds, Leeds, West Yorkshire, LS2 9JT, Yorkshire and The Humber, United Kingdom",LS2 9JT,Yorkshire and The Humber,Jamie,,Hobbs,EP/J500124/1,http://gtr.rcuk.ac.uk:80/projects?ref=EP%2FJ500124%2F1
EPSRC Centre for Doctoral Training in Sustainable Materials and Manufacturing (EngD),EPSRC,CDT,2014-05-01,2022-10-31,3358440,University of Warwick,WMG,"Warwickshire, Coventry, West Midlands, CV4 7AL, West Midlands, United Kingdom",CV4 7AL,West Midlands,Kerry,Emmett Arthur,Kirwan,EP/L016389/1,http://gtr.rcuk.ac.uk:80/projects?ref=EP%2FL016389%2F1
EPSRC Centre for Doctoral Training in Energy Storage and its Applications,EPSRC,CDT,2014-04-01,2022-09-30,4078780,University of Sheffield,Chemical & Biological Engineering,"Firth Court, Western Bank, Sheffield, South Yorkshire, S10 2TN, Yorkshire and The Humber, United Kingdom",S10 2TN,Yorkshire and The Humber,Peter,Joseph,Hall,EP/L016818/1,http://gtr.rcuk.ac.uk:80/projects?ref=EP%2FL016818%2F1
EPSRC Centre for Doctoral Training in Geometry and Number Theory at the Interface,EPSRC,CDT,2014-04-01,2022-09-30,4696650,University College London,Mathematics,"Gower Street, London, WC1E 6BT, London, United Kingdom",WC1E 6BT,London,Michael,,Singer,EP/L015234/1,http://gtr.rcuk.ac.uk:80/projects?ref=EP%2FL015234%2F1
EPSRC Centre for Doctoral Training in Cross-Disciplinary Approaches to Non-Equilibrium Systems,EPSRC,CDT,2014-05-01,2022-10-31,3868980,King's College London,Mathematics,"Capital House, 2nd Floor, Guys Campus, 42 Weston Street, London, SE1 3QD, London, United Kingdom",SE1 3QD,London,Peter,,Sollich,EP/L015854/1,http://gtr.rcuk.ac.uk:80/projects?ref=EP%2FL015854%2F1
EPSRC Centre for Doctoral Training in Engineering for the Water Sector (STREAM IDC),EPSRC,CDT,2014-04-01,2022-09-30,3678060,Cranfield University,"School of Water, Energy and Environment","Cranfield, Bedford, Bedfordshire, MK43 0AL, East of England, United Kingdom",MK43 0AL,East of England,Paul,,Jeffrey,EP/L015412/1,http://gtr.rcuk.ac.uk:80/projects?ref=EP%2FL015412%2F1
EPSRC Centre for Doctoral Training in Future Power Networks and Smart Grids,EPSRC,CDT,2014-04-01,2022-09-30,4404160,University of Strathclyde,Electronic and Electrical Engineering,"16 Richmond Street, Glasgow, G1 1XQ, Scotland, United Kingdom",G1 1XQ,Scotland,Stephen,,McArthur,EP/L015471/1,http://gtr.rcuk.ac.uk:80/projects?ref=EP%2FL015471%2F1
EPSRC Centre for Doctoral Training in Advanced Metallic Systems - Challenges in Future Metals Manufacturing,EPSRC,CDT,2014-04-01,2022-09-30,3485040,University of Sheffield,Materials Science and Engineering,"Firth Court, Western Bank, Sheffield, South Yorkshire, S10 2TN, Yorkshire and The Humber, United Kingdom",S10 2TN,Yorkshire and The Humber,Bradley,Peter,Wynne,EP/L016273/1,http://gtr.rcuk.ac.uk:80/projects?ref=EP%2FL016273%2F1
EPSRC Centre for Doctoral Training in Micro- and NanoMaterials and Technologies,EPSRC,CDT,2014-04-01,2022-09-30,3193850,University of Surrey,Mechanical Engineering Sciences,"Registry, Stag Hill, Guildford, Surrey, GU2 7XH, South East, United Kingdom",GU2 7XH,South East,Robert,Andrew,Dorey,EP/L016788/1,http://gtr.rcuk.ac.uk:80/projects?ref=EP%2FL016788%2F1
EPSRC and MRC Centre for Doctoral Training in Systems Approaches to Biomedical Science,EPSRC,CDT,2014-10-06,2023-04-05,3552380,University of Oxford,"Mathematical, Physical&Life Sciences Div","University Chest, Wellington Square, Oxford, OX1 2JD, South East, United Kingdom",OX1 2JD,South East,Charlotte,,Deane,EP/L016044/1,http://gtr.rcuk.ac.uk:80/projects?ref=EP%2FL016044%2F1
From Targeted Therapeutics to Next-Generation Medicines,EPSRC,CDT,2011-10-01,2017-09-30,1330810,University of Nottingham,Sch of Pharmacy,"University Park, Nottingham, Nottinghamshire, NG7 2RD, East Midlands, United Kingdom",NG7 2RD,East Midlands,Cameron,,Alexander,EP/I01375X/1,http://gtr.rcuk.ac.uk:80/projects?ref=EP%2FI01375X%2F1
DTC ENERGY: Technologies for a low carbon future,EPSRC,CDT,2009-10-01,2018-03-31,6550560,University of Leeds,Chemical and Process Engineering,"University of Leeds, Leeds, West Yorkshire, LS2 9JT, Yorkshire and The Humber, United Kingdom",LS2 9JT,Yorkshire and The Humber,Paul,,Williams,EP/G036608/1,http://gtr.rcuk.ac.uk:80/projects?ref=EP%2FG036608%2F1
EPSRC CDT in Medical Devices &amp; Health Technologies,EPSRC,CDT,2014-04-01,2022-09-30,4097770,University of Strathclyde,Biomedical Engineering,"16 Richmond Street, Glasgow, G1 1XQ, Scotland, United Kingdom",G1 1XQ,Scotland,Patricia,,Connolly,EP/L015595/1,http://gtr.rcuk.ac.uk:80/projects?ref=EP%2FL015595%2F1
"Nuclear Fission Research, Science and Technology DTC (Nuclear FiRST)- Underpinning UK Energy and Defence Strategies",EPSRC,CDT,2009-10-01,2018-03-31,7071240,University of Manchester,Chemistry,"Oxford Road, Manchester, M13 9PL, North West, United Kingdom",M13 9PL,North West,Francis,,Livens,EP/G037140/1,http://gtr.rcuk.ac.uk:80/projects?ref=EP%2FG037140%2F1
LSI DTCs 2007: Physical sciences of imaging in the biomedical sciences (PSIBS),EPSRC,CDT,2008-10-01,2018-03-31,7181440,University of Birmingham,School of Chemistry,"Edgbaston Park Road, Edgbaston, B15 2TT, West Midlands, United Kingdom",B15 2TT,West Midlands,Michael,John,Hannon,EP/F50053X/1,http://gtr.rcuk.ac.uk:80/projects?ref=EP%2FF50053X%2F1
"Future Communications: People, Power and Performanace",EPSRC,CDT,2011-04-01,2019-09-30,2207650,University of Bristol,Electrical and Electronic Engineering,"Senate House, Bristol, Avon, BS8 1TH, South West, United Kingdom",BS8 1TH,South West,David,,Bull,EP/I028153/1,http://gtr.rcuk.ac.uk:80/projects?ref=EP%2FI028153%2F1
Analysis: from theory to applications,EPSRC,CDT,2010-10-01,2017-09-30,3965030,University of Cambridge,Pure Maths and Mathematical Statistics,"Lensfield Road, Cambridge, CB2 1EW, East of England, United Kingdom",CB2 1EW,East of England,James,,Norris,EP/H023348/1,http://gtr.rcuk.ac.uk:80/projects?ref=EP%2FH023348%2F1
Securing the Future: Photonic Systems Development,EPSRC,CDT,2009-10-01,2018-03-31,7190020,University College London,Electronic and Electrical Engineering,"Gower Street, London, WC1E 6BT, London, United Kingdom",WC1E 6BT,London,Alwyn,,Seeds,EP/G037256/1,http://gtr.rcuk.ac.uk:80/projects?ref=EP%2FG037256%2F1
DTP 2016-2017 University of Edinburgh,EPSRC,CDT,2016-10-01,2021-09-30,5843460,University of Edinburgh,College of Science and Engineering,"Old College, South Bridge, Mayfield Road, Edinburgh, EH8 9YL, Scotland, United Kingdom",EH8 9YL,Scotland,Julia,Miller,Ferguson,EP/N509644/1,http://gtr.rcuk.ac.uk:80/projects?ref=EP%2FN509644%2F1
Training &amp; Skills Hub in Quantum Systems Engineering: The Quantum Enterprise Hub,EPSRC,CDT,2016-04-01,2021-03-31,4411280,University of Bristol,Physics,"Senate House, Bristol, Avon, BS8 1TH, South West, United Kingdom",BS8 1TH,South West,Mark,Gerard,Thompson,EP/P510269/1,http://gtr.rcuk.ac.uk:80/projects?ref=EP%2FP510269%2F1
Scottish DTC GCRF Postdoctoral Fellowships 2016 (pilot),ESRC,CDT,2016-01-01,2016-09-30,500000,University of Edinburgh,Sch of Social and Political Science,"Old College, South Bridge, Mayfield Road, Edinburgh, EH8 9YL, Scotland, United Kingdom",EH8 9YL,Scotland,Graham,Paul,Crow,ES/P50063X/1,http://gtr.rcuk.ac.uk:80/projects?ref=ES%2FP50063X%2F1
Oxford DTC GCRF Postdoctoral Fellowships 2016 (pilot),ESRC,CDT,2016-10-01,2017-09-30,500000,University of Oxford,Education,"University Chest, Wellington Square, Oxford, OX1 2JD, South East, United Kingdom",OX1 2JD,South East,David,,Mills,ES/P500641/1,http://gtr.rcuk.ac.uk:80/projects?ref=ES%2FP500641%2F1
Controlled Quantum Dynamics - The CQD-DTC,EPSRC,CDT,2009-10-01,2018-03-31,6719950,Imperial College London,Dept of Physics,"South Kensington Campus, Exhibition Road, London, SW7 2AZ, London, United Kingdom",SW7 2AZ,London,Myungshik,,Kim,EP/G037043/1,http://gtr.rcuk.ac.uk:80/projects?ref=EP%2FG037043%2F1
Ubiquitous Computing for a Digital Economy,EPSRC,CDT,2009-10-01,2018-03-31,5703940,University of Nottingham,School of Computer Science,"University Park, Nottingham, Nottinghamshire, NG7 2RD, East Midlands, United Kingdom",NG7 2RD,East Midlands,Steve,,Benford,EP/G037574/1,http://gtr.rcuk.ac.uk:80/projects?ref=EP%2FG037574%2F1
South West DTC GCRF Postdoctoral Fellowships 2016 (pilot),ESRC,CDT,2016-10-01,2017-09-30,600000,University of Bristol,Research and Enterprise Development,"Senate House, Bristol, Avon, BS8 1TH, South West, United Kingdom",BS8 1TH,South West,Sally,,Barnes,ES/P500628/1,http://gtr.rcuk.ac.uk:80/projects?ref=ES%2FP500628%2F1
North West DTC GCRF Postdoctoral Fellowships 2016 (pilot),ESRC,CDT,2016-10-01,2017-09-30,600000,University of Liverpool,Graduate School,"Senate House, Abercromby Square, Liverpool, L69 3BX, North West, United Kingdom",L69 3BX,North West,Gabriel,Gray,Mythen,ES/P500616/1,http://gtr.rcuk.ac.uk:80/projects?ref=ES%2FP500616%2F1
UCL/Bloomsbury DTC GCRF Postdoctoral Fellowships 2016 (pilot),ESRC,CDT,2016-10-01,2017-09-30,700000,University College London,Economics,"Gower Street, London, WC1E 6BT, London, United Kingdom",WC1E 6BT,London,Andrew,,Tolmie,ES/P500653/1,http://gtr.rcuk.ac.uk:80/projects?ref=ES%2FP500653%2F1
Cyber Security CDT Phase Two (University of Oxford),EPSRC,CDT,2016-10-01,2023-03-31,3489110,University of Oxford,Computer Science,"University Chest, Wellington Square, Oxford, OX1 2JD, South East, United Kingdom",OX1 2JD,South East,Andrew,,Martin,EP/P00881X/1,http://gtr.rcuk.ac.uk:80/projects?ref=EP%2FP00881X%2F1
"Training &amp; Skills Hub in Quantum Systems Engineering: innovation in Quantum Business - Applications, Technology and Engineering (InQuBATE)",EPSRC,CDT,2016-04-01,2021-03-31,3597370,University College London,London Centre for Nanotechnology,"Gower Street, London, WC1E 6BT, London, United Kingdom",WC1E 6BT,London,Andrew,,Fisher,EP/P510270/1,http://gtr.rcuk.ac.uk:80/projects?ref=EP%2FP510270%2F1
DTP 2016-2017 University of Bristol,EPSRC,CDT,2016-10-01,2021-09-30,8601990,University of Bristol,Senior Faculty Accountant,"Senate House, Bristol, Avon, BS8 1TH, South West, United Kingdom",BS8 1TH,South West,Jane,,FitzWalter,EP/N509619/1,http://gtr.rcuk.ac.uk:80/projects?ref=EP%2FN509619%2F1
DTP 2016-2017 Loughborough University,EPSRC,CDT,2016-10-01,2021-09-30,3779370,Loughborough University,Research Student Office,"Loughborough University, Loughborough, Leicestershire, LE11 3TU, East Midlands, United Kingdom",LE11 3TU,East Midlands,Brigette,,Vale,EP/N509516/1,http://gtr.rcuk.ac.uk:80/projects?ref=EP%2FN509516%2F1
DTP 2016-2017 Durham University,EPSRC,CDT,2016-10-01,2021-09-30,1613600,Durham University,Student Financial Support,"Old Shire Hall, Old Elvet, Durham, County Durham, DH1 3HP, North East, United Kingdom",DH1 3HP,North East,Andrea,,Bailey,EP/N509462/1,http://gtr.rcuk.ac.uk:80/projects?ref=EP%2FN509462%2F1
DTP 2016-2017 University of Oxford,EPSRC,CDT,2016-10-01,2021-09-30,13509900,University of Oxford,"Mathematical, Physical&Life Sciences Div","University Chest, Wellington Square, Oxford, OX1 2JD, South East, United Kingdom",OX1 2JD,South East,Martin,,Williams,EP/N509711/1,http://gtr.rcuk.ac.uk:80/projects?ref=EP%2FN509711%2F1
DTP 2016-2017 University of Brighton,EPSRC,CDT,2016-10-01,2021-09-30,508694,University of Brighton,Senior Management Team,"Cockcroft Building M24, Lewes Road, Brighton, East Sussex, BN2 2GJ, South East, United Kingdom",BN2 2GJ,South East,Neil,,Ravenscroft,EP/N509607/1,http://gtr.rcuk.ac.uk:80/projects?ref=EP%2FN509607%2F1
DTP 2016-2017 Imperal College,EPSRC,CDT,2016-10-01,2021-09-30,18685600,Imperial College London,Research Office,"South Kensington Campus, Exhibition Road, London, SW7 2AZ, London, United Kingdom",SW7 2AZ,London,Malcolm,,Aldridge,EP/N509486/1,http://gtr.rcuk.ac.uk:80/projects?ref=EP%2FN509486%2F1
Training &amp; Skills Hub in Quantum Systems Engineering: Imperial Centre for Quantum Engineering &amp; Science,EPSRC,CDT,2016-04-01,2021-03-31,3044610,Imperial College London,Dept of Physics,"South Kensington Campus, Exhibition Road, London, SW7 2AZ, London, United Kingdom",SW7 2AZ,London,Myungshik,,Kim,EP/P510257/1,http://gtr.rcuk.ac.uk:80/projects?ref=EP%2FP510257%2F1
DTP 2016-2017 University College London,EPSRC,CDT,2016-10-01,2021-09-30,13171600,University College London,Research Services,"Gower Street, London, WC1E 6BT, London, United Kingdom",WC1E 6BT,London,Ian David Lockhart,,Bogle,EP/N509577/1,http://gtr.rcuk.ac.uk:80/projects?ref=EP%2FN509577%2F1
The Digital Economy Innovation Centre,EPSRC,CDT,2009-10-01,2018-03-31,5969320,Lancaster University,Computing & Communications,"University House, Lancaster, Lancashire, LA1 4YW, North West, United Kingdom",LA1 4YW,North West,Gordon,,Blair,EP/G037582/1,http://gtr.rcuk.ac.uk:80/projects?ref=EP%2FG037582%2F1
Industrial Doctorate Centre in Composites Manufacture,EPSRC,CDT,2012-10-01,2019-03-31,3926970,University of Bristol,Aerospace Engineering,"Senate House, Bristol, Avon, BS8 1TH, South West, United Kingdom",BS8 1TH,South West,Ivana,Katherine,Partridge,EP/K50323X/1,http://gtr.rcuk.ac.uk:80/projects?ref=EP%2FK50323X%2F1
DTP 2016-2017 University of York,EPSRC,CDT,2016-10-01,2021-09-30,4067670,University of York,Physics,"Heslington, York, North Yorkshire, YO10 5DD, Yorkshire and The Humber, United Kingdom",YO10 5DD,Yorkshire and The Humber,Brian,,Fulton,EP/N509802/1,http://gtr.rcuk.ac.uk:80/projects?ref=EP%2FN509802%2F1
DTP 2016-2017 King's College London,EPSRC,CDT,2016-10-01,2021-09-30,1994760,King's College London,King's College London Central Offices,"Capital House, 2nd Floor, Guys Campus, 42 Weston Street, London, SE1 3QD, London, United Kingdom",SE1 3QD,London,Eva,,Broer,EP/N509498/1,http://gtr.rcuk.ac.uk:80/projects?ref=EP%2FN509498%2F1
