title,funder,project_reference,start,end,award_in_pounds,lead_org,lead_org_dept,lead_org_postcode,lead_org_region,grant_holder_firstname,grant_holder_othernames,grant_holder_surname,gtr_url
EPSRC Centre for Doctoral Training in Condensed Matter Physics: Renewal of the CM-DTC,EPSRC,EP/L015110/1,2014-08-01,2023-01-31,3992130,University of St Andrews,Physics and Astronomy,KY16 9AJ,Scotland,Christopher,Andrew,Hooley,http://gtr.rcuk.ac.uk:80/projects?ref=EP%2FL015110%2F1
Centre for Doctoral Training in Healthcare Innovation,EPSRC,EP/G036861/1,2009-10-01,2018-03-31,7174440,University of Oxford,Engineering Science,OX1 2JD,South East,Alison,,Noble,http://gtr.rcuk.ac.uk:80/projects?ref=EP%2FG036861%2F1
MASDOC: A Centre for Doctoral Training in the Mathematical Sciences,EPSRC,EP/H023364/1,2010-10-01,2017-09-30,4248510,University of Warwick,Mathematics,CV4 7AL,West Midlands,Charlie,,Elliott,http://gtr.rcuk.ac.uk:80/projects?ref=EP%2FH023364%2F1
EPSRC Centre for Doctoral Training in Sustainable Chemical Technologies,EPSRC,EP/L016354/1,2014-10-01,2023-03-31,4564930,University of Bath,Chemistry,BA2 7AY,South West,Matthew,Gwilym,Davidson,http://gtr.rcuk.ac.uk:80/projects?ref=EP%2FL016354%2F1
EPSRC Centre for Doctoral Training in Controlled Quantum Dynamics,EPSRC,EP/L016524/1,2014-04-01,2022-09-30,4161030,Imperial College London,Dept of Physics,SW7 2AZ,London,Myungshik,,Kim,http://gtr.rcuk.ac.uk:80/projects?ref=EP%2FL016524%2F1
EPSRC Centre for Doctoral Training in Molecular Analytical Science,EPSRC,EP/L015307/1,2014-09-22,2023-03-21,4112090,University of Warwick,Chemistry,CV4 7AL,West Midlands,Patrick,,Unwin,http://gtr.rcuk.ac.uk:80/projects?ref=EP%2FL015307%2F1
"EPSRC Centre for Doctoral Training in Science and Engineering in Arts, Heritage and Archaeology",EPSRC,EP/L016036/1,2014-04-01,2022-09-30,4715730,University College London,"Bartlett Sch of Env, Energy & Resources",WC1E 6BT,London,May,,Cassar,http://gtr.rcuk.ac.uk:80/projects?ref=EP%2FL016036%2F1
EPSRC Centre for Doctoral Training in Renewable Energy Marine Structures (REMS),EPSRC,EP/L016303/1,2014-05-01,2022-10-31,3984290,Cranfield University,"Sch of Aerospace, Transport & Manufact",MK43 0AL,East of England,Feargal,Peter,Brennan,http://gtr.rcuk.ac.uk:80/projects?ref=EP%2FL016303%2F1
EPSRC Centre for Doctoral Training in the Science and Applications of Graphene and Related Nanomaterials (GrapheneNOWNANO),EPSRC,EP/L01548X/1,2014-04-01,2022-09-30,4475730,University of Manchester,Physics and Astronomy,M13 9PL,North West,Irina,,Grigorieva,http://gtr.rcuk.ac.uk:80/projects?ref=EP%2FL01548X%2F1
EPSRC and MRC Centre for Doctoral Training in Mathematics for Real-World Systems,EPSRC,EP/L015374/1,2014-04-01,2022-09-30,3692570,University of Warwick,Mathematics,CV4 7AL,West Midlands,Robert,Sinclair,MacKay,http://gtr.rcuk.ac.uk:80/projects?ref=EP%2FL015374%2F1
EPSRC Centre for Doctoral Training in Bioenergy,EPSRC,EP/L014912/1,2014-10-01,2023-03-31,4336510,University of Leeds,Chemical and Process Engineering,LS2 9JT,Yorkshire and The Humber,Jenny,Marie,Jones,http://gtr.rcuk.ac.uk:80/projects?ref=EP%2FL014912%2F1
Systems Biology Doctoral Training Centre,EPSRC,EP/G03706X/1,2009-10-01,2019-03-31,6200150,University of Oxford,Mathematical & Physical Sciences Div,OX1 2JD,South East,David,,Gavaghan,http://gtr.rcuk.ac.uk:80/projects?ref=EP%2FG03706X%2F1
LSI Doctoral Training Centres - CoMPLEX,EPSRC,EP/F500351/1,2008-10-01,2018-03-31,4691120,University College London,CoMPLEX,WC1E 6BT,London,Andrew,,Pomiankowski,http://gtr.rcuk.ac.uk:80/projects?ref=EP%2FF500351%2F1
Security Science Doctoral Training Centre,EPSRC,EP/G037264/1,2009-10-01,2018-09-30,7446270,University College London,Security and Crime Science,WC1E 6BT,London,Nick,,Tilley,http://gtr.rcuk.ac.uk:80/projects?ref=EP%2FG037264%2F1
Scottish ESRC Doctoral Training Centre DTC 2011,ESRC,ES/J500136/1,2011-10-01,2020-09-30,24610500,University of Edinburgh,Sch of Social and Political Science,EH8 9YL,Scotland,Charlie,,Jeffery,http://gtr.rcuk.ac.uk:80/projects?ref=ES%2FJ500136%2F1
"EPSRC CENTRE for DOCTORAL TRAINING in Financial Computing &amp; Analytics (covering Computational finance, Financial ICT, Regulation, Retail)",EPSRC,EP/L015129/1,2014-10-01,2023-03-31,4160710,University College London,Computer Science,WC1E 6BT,London,Philip,,Treleaven,http://gtr.rcuk.ac.uk:80/projects?ref=EP%2FL015129%2F1
EPSRC Centre for Doctoral Training in Machining Science,EPSRC,EP/L016257/1,2014-10-01,2023-03-31,2704040,University of Sheffield,Mechanical Engineering,S10 2TN,Yorkshire and The Humber,Keith,,Ridgway,http://gtr.rcuk.ac.uk:80/projects?ref=EP%2FL016257%2F1
EPSRC Centre for Doctoral Training in Digital Entertainment,EPSRC,EP/L016540/1,2014-04-01,2022-09-30,4568970,University of Bath,Computer Science,BA2 7AY,South West,Phil,,Willis,http://gtr.rcuk.ac.uk:80/projects?ref=EP%2FL016540%2F1
EPSRC Centre for Doctoral Training in Medical Imaging,EPSRC,EP/L015226/1,2014-04-01,2022-09-30,4818500,King's College London,Imaging & Biomedical Engineering,SE1 3QD,London,Tobias Richard,,Schaeffter,http://gtr.rcuk.ac.uk:80/projects?ref=EP%2FL015226%2F1
EPSRC Centre for Doctoral Training in Industrial Functional Coatings: COATED2,EPSRC,EP/L015099/1,2015-05-18,2022-11-17,2613840,Swansea University,School of Engineering,SA2 8PP,Wales,James,Henley,Sullivan,http://gtr.rcuk.ac.uk:80/projects?ref=EP%2FL015099%2F1
EPSRC Centre for Doctoral Training in Fluid Dynamics across Scales,EPSRC,EP/L016230/1,2014-04-01,2022-09-30,4279850,Imperial College London,Dept of Aeronautics,SW7 2AZ,London,John,Christos,Vassilicos,http://gtr.rcuk.ac.uk:80/projects?ref=EP%2FL016230%2F1
EPSRC and MRC Centre for Doctoral Training in Regenerative Medicine,EPSRC,EP/L015072/1,2014-10-01,2023-03-31,3529510,Loughborough University,Chemical Engineering,LE11 3TU,East Midlands,Chris,,Hewitt,http://gtr.rcuk.ac.uk:80/projects?ref=EP%2FL015072%2F1
Centre for Doctoral Training in Non-Destructive Evaluation,EPSRC,EP/I017704/1,2011-10-01,2018-09-30,2200000,Imperial College London,Dept of Mechanical Engineering,SW7 2AZ,London,Peter,,Cawley,http://gtr.rcuk.ac.uk:80/projects?ref=EP%2FI017704%2F1
EPSRC Centre for Doctoral Training in Sustainable Chemistry,EPSRC,EP/L015633/1,2014-04-01,2022-09-30,5282600,University of Nottingham,Sch of Chemistry,NG7 2RD,East Midlands,Christopher,,Moody,http://gtr.rcuk.ac.uk:80/projects?ref=EP%2FL015633%2F1
EPSRC Centre for Doctoral Training in New and Sustainable PV,EPSRC,EP/L01551X/1,2014-10-01,2023-03-31,5260810,University of Liverpool,Physics,L69 3BX,North West,Ken,,Durose,http://gtr.rcuk.ac.uk:80/projects?ref=EP%2FL01551X%2F1
EPSRC Centre for Doctoral Training in Urban Science and Progress,EPSRC,EP/L016400/1,2014-04-01,2022-09-30,3910920,University of Warwick,Computer Science,CV4 7AL,West Midlands,Stephen,,Jarvis,http://gtr.rcuk.ac.uk:80/projects?ref=EP%2FL016400%2F1
EPSRC Centre for Doctoral Training in Sustainable Infrastructure Systems,EPSRC,EP/L01582X/1,2014-05-01,2022-10-31,3110920,University of Southampton,Faculty of Engineering & the Environment,SO17 1BJ,South East,William,,Powrie,http://gtr.rcuk.ac.uk:80/projects?ref=EP%2FL01582X%2F1
EPSRC Centre for Doctoral Training in Integrated Tribology,EPSRC,EP/L01629X/1,2014-04-01,2022-09-30,3519550,University of Sheffield,Mechanical Engineering,S10 2TN,Yorkshire and The Humber,Robert,,Dwyer-Joyce,http://gtr.rcuk.ac.uk:80/projects?ref=EP%2FL01629X%2F1
EPSRC Centre for Doctoral Training in Gas Turbine Aerodynamics,EPSRC,EP/L015943/1,2014-04-01,2022-09-30,5245730,University of Cambridge,Engineering,CB2 1EW,East of England,Robert,John,Miller,http://gtr.rcuk.ac.uk:80/projects?ref=EP%2FL015943%2F1
EPSRC Centre for Doctoral Training in Applied Photonics,EPSRC,EP/L01596X/1,2014-09-01,2023-02-28,4462100,Heriot-Watt University,Sch of Engineering and Physical Science,EH14 4AS,Scotland,Derryck,,Reid,http://gtr.rcuk.ac.uk:80/projects?ref=EP%2FL01596X%2F1
EPSRC Centre for Doctoral Training in Web Science Innovation,EPSRC,EP/L016117/1,2014-10-01,2023-03-31,3618520,University of Southampton,Electronics and Computer Science,SO17 1BJ,South East,Wendy,,Hall,http://gtr.rcuk.ac.uk:80/projects?ref=EP%2FL016117%2F1
EPSRC Centre for Doctoral Training in Electromagnetic Metamaterials,EPSRC,EP/L015331/1,2014-04-01,2022-09-30,4976860,University of Exeter,Physics,EX4 4QX,South West,John,Roy,Sambles,http://gtr.rcuk.ac.uk:80/projects?ref=EP%2FL015331%2F1
EPSRC Centre for Doctoral Training in Sustainable and Functional Nano,EPSRC,EP/L015978/1,2014-04-01,2022-09-30,4545290,University of Cambridge,Physics,CB2 1EW,East of England,Jeremy,John,Baumberg,http://gtr.rcuk.ac.uk:80/projects?ref=EP%2FL015978%2F1
EPSRC Centre for Doctoral Training in Industrially Focused Mathematical Modelling,EPSRC,EP/L015803/1,2014-04-01,2022-09-30,4292330,University of Oxford,Mathematical Institute,OX1 2JD,South East,Colin,Peter,Please,http://gtr.rcuk.ac.uk:80/projects?ref=EP%2FL015803%2F1
EPSRC Centre for Doctoral Training in Sustainable Civil Engineering,EPSRC,EP/L016826/1,2014-04-01,2022-09-30,3820870,Imperial College London,Civil & Environmental Engineering,SW7 2AZ,London,Christopher,,Cheeseman,http://gtr.rcuk.ac.uk:80/projects?ref=EP%2FL016826%2F1
EPSRC Centre for Doctoral Training in Advanced Therapeutics &amp; Nanomedicines,EPSRC,EP/L01646X/1,2014-05-01,2022-10-31,4546480,University of Nottingham,Sch of Pharmacy,NG7 2RD,East Midlands,Cameron,,Alexander,http://gtr.rcuk.ac.uk:80/projects?ref=EP%2FL01646X%2F1
EPSRC Centre for Doctoral Training in Diamond Science and Technology,EPSRC,EP/L015315/1,2014-04-01,2022-09-30,4521200,University of Warwick,Chemistry,CV4 7AL,West Midlands,Mark,Edward,Newton,http://gtr.rcuk.ac.uk:80/projects?ref=EP%2FL015315%2F1
Centre for Doctoral Training in Cyber Security at Royal Holloway,EPSRC,EP/K035584/1,2013-04-01,2019-12-31,3793550,"Royal Holloway, University of London",Information Security,TW20 0EX,South East,Carlos,,CID,http://gtr.rcuk.ac.uk:80/projects?ref=EP%2FK035584%2F1
EPSRC Centre for Doctoral Training in Critical Resource Catalysis - CRITICAT,EPSRC,EP/L016419/1,2014-05-01,2022-10-31,4324690,University of St Andrews,Chemistry,KY16 9AJ,Scotland,Andrew,David,Smith,http://gtr.rcuk.ac.uk:80/projects?ref=EP%2FL016419%2F1
EPSRC Centre for Doctoral Training in My Life in Data,EPSRC,EP/L015463/1,2014-10-01,2023-03-31,3354860,University of Nottingham,School of Computer Science,NG7 2RD,East Midlands,Steve,,Benford,http://gtr.rcuk.ac.uk:80/projects?ref=EP%2FL015463%2F1
EPSRC Centre for Doctoral Training in Materials for Demanding Environments,EPSRC,EP/L01680X/1,2014-05-01,2022-10-31,4280340,University of Manchester,Materials,M13 9PL,North West,Philip,,Withers,http://gtr.rcuk.ac.uk:80/projects?ref=EP%2FL01680X%2F1
EPSRC Centre for Doctoral Training in Condensed Matter Physics,EPSRC,EP/L015544/1,2014-05-01,2022-10-31,4275430,University of Bristol,Physics,BS8 1TH,South West,Stephen,,Hayden,http://gtr.rcuk.ac.uk:80/projects?ref=EP%2FL015544%2F1
EPSRC Centre for Doctoral Training in Integrative Sensing and Measurement,EPSRC,EP/L016753/1,2014-05-01,2022-10-31,4884590,University of Glasgow,College of Science and Engineering,G12 8QQ,Scotland,Andrew,,Harvey,http://gtr.rcuk.ac.uk:80/projects?ref=EP%2FL016753%2F1
EPSRC Centre for Doctoral Training in Embedded Intelligence,EPSRC,EP/L014998/1,2014-04-01,2022-09-30,3567110,Loughborough University,"Wolfson Sch of Mech, Elec & Manufac Eng",LE11 3TU,East Midlands,Paul,,Conway,http://gtr.rcuk.ac.uk:80/projects?ref=EP%2FL014998%2F1
EPSRC Centre for Doctoral Training in Pervasive Parallelism,EPSRC,EP/L01503X/1,2014-04-01,2022-09-30,3892290,University of Edinburgh,Sch of Informatics,EH8 9YL,Scotland,Michael,,O'Boyle,http://gtr.rcuk.ac.uk:80/projects?ref=EP%2FL01503X%2F1
EPSRC Centre for Doctoral Training in Fluid Dynamics at Leeds,EPSRC,EP/L01615X/1,2014-04-01,2022-09-30,3897430,University of Leeds,Sch of Computing,LS2 9JT,Yorkshire and The Humber,Peter,Kane,Jimack,http://gtr.rcuk.ac.uk:80/projects?ref=EP%2FL01615X%2F1
EPSRC Centre for Doctoral Training in Energy Demand (LoLo),EPSRC,EP/L01517X/1,2014-04-01,2022-09-30,4248120,University College London,"Bartlett Sch of Env, Energy & Resources",WC1E 6BT,London,Robert,John,Lowe,http://gtr.rcuk.ac.uk:80/projects?ref=EP%2FL01517X%2F1
EPSRC and MRC Centre for Doctoral Training in Regenerative Medicine,EPSRC,EP/L014904/1,2014-04-01,2022-09-30,4366190,University of Manchester,Engineering and Physical Sciences,M13 9PL,North West,Matthew,James,Hardman,http://gtr.rcuk.ac.uk:80/projects?ref=EP%2FL014904%2F1
EPSRC Centre for Doctoral Training in Plastic Electronic Materials,EPSRC,EP/L016702/1,2014-04-01,2022-09-30,4145260,Imperial College London,Dept of Physics,SW7 2AZ,London,Paul Nicholas,,Stavrinou,http://gtr.rcuk.ac.uk:80/projects?ref=EP%2FL016702%2F1
EPSRC Centre for Doctoral Training in Graphene Technology,EPSRC,EP/L016087/1,2014-04-01,2022-09-30,4650770,University of Cambridge,Engineering,CB2 1EW,East of England,Andrea,Carlo,Ferrari,http://gtr.rcuk.ac.uk:80/projects?ref=EP%2FL016087%2F1
EPSRC Centre for Doctoral Training in Quantum Engineering,EPSRC,EP/L015730/1,2014-04-01,2022-09-30,4876030,University of Bristol,Physics,BS8 1TH,South West,Mark,Gerard,Thompson,http://gtr.rcuk.ac.uk:80/projects?ref=EP%2FL015730%2F1
EPSRC Centre for Doctoral Training in Ultra Precision,EPSRC,EP/L016567/1,2015-04-01,2022-09-30,3672730,University of Cambridge,Engineering,CB2 1EW,East of England,William,,O'Neill,http://gtr.rcuk.ac.uk:80/projects?ref=EP%2FL016567%2F1
EPSRC and BBSRC Centre for Doctoral Training in Synthetic Biology,EPSRC,EP/L016494/1,2014-04-01,2022-09-30,4750810,University of Oxford,Synthetic Biology DTC,OX1 2JD,South East,Antonis,,Papachristodoulou,http://gtr.rcuk.ac.uk:80/projects?ref=EP%2FL016494%2F1
Manchester Centre for Doctoral Training in Computer Science,EPSRC,EP/I028099/1,2011-04-01,2019-09-30,2206080,University of Manchester,Computer Science,M13 9PL,North West,Stephen,,Furber,http://gtr.rcuk.ac.uk:80/projects?ref=EP%2FI028099%2F1
EPSRC Centre for Doctoral Training in Chemical Synthesis,EPSRC,EP/L015366/1,2014-04-01,2022-09-30,5268180,University of Bristol,Chemistry,BS8 1TH,South West,Kevin,Iain,Booker-Milburn,http://gtr.rcuk.ac.uk:80/projects?ref=EP%2FL015366%2F1
Doctoral Training Centre in Web Science,EPSRC,EP/G036926/1,2009-10-01,2018-03-31,5996360,University of Southampton,Electronics and Computer Science,SO17 1BJ,South East,Wendy,,Hall,http://gtr.rcuk.ac.uk:80/projects?ref=EP%2FG036926%2F1
Doctoral Training Centre in Wind Energy Systems,EPSRC,EP/G037728/1,2009-10-01,2018-03-31,5883330,University of Strathclyde,Electronic and Electrical Engineering,G1 1XQ,Scotland,William,Edward,Leithead,http://gtr.rcuk.ac.uk:80/projects?ref=EP%2FG037728%2F1
Life Sciences Interface Doctoral Training Centre,EPSRC,EP/F500394/1,2008-10-01,2018-03-31,5468670,University of Oxford,Mathematical & Physical Sciences Div,OX1 2JD,South East,David,,Gavaghan,http://gtr.rcuk.ac.uk:80/projects?ref=EP%2FF500394%2F1
Doctoral Training Centre in Financial Computing,EPSRC,EP/G036306/1,2009-10-01,2018-03-31,7516740,University College London,Computer Science,WC1E 6BT,London,Philip,,Treleaven,http://gtr.rcuk.ac.uk:80/projects?ref=EP%2FG036306%2F1
Doctoral Training Centre in Sustainable Chemical Technologies,EPSRC,EP/G03768X/1,2009-10-01,2018-03-31,7492220,University of Bath,Chemistry,BA2 7AY,South West,Matthew,Gwilym,Davidson,http://gtr.rcuk.ac.uk:80/projects?ref=EP%2FG03768X%2F1
Doctoral Training Centre in Functional Nanomaterials,EPSRC,EP/G036780/1,2009-10-01,2018-03-31,7154510,University of Bristol,Chemistry,BS8 1TH,South West,Terence,James,McMaster,http://gtr.rcuk.ac.uk:80/projects?ref=EP%2FG036780%2F1
NOWNANO DTC: A North West Nanoscience Doctoral Training Centre,EPSRC,EP/G03737X/1,2009-10-01,2018-03-31,4920210,University of Manchester,Chemistry,M13 9PL,North West,Irina,,Grigorieva,http://gtr.rcuk.ac.uk:80/projects?ref=EP%2FG03737X%2F1
LSI Doctoral Training Centres - The doctoral training centre in chemical biology,EPSRC,EP/F500416/1,2008-10-01,2018-03-31,4752730,Imperial College London,Dept of Chemistry,SW7 2AZ,London,Richard,,Templer,http://gtr.rcuk.ac.uk:80/projects?ref=EP%2FF500416%2F1
Bristol Centre for Complexity Sciences (BCCS) Centre for Doctoral Training (CDT): Proposal for renewal,EPSRC,EP/I013717/1,2011-10-01,2018-03-31,3610640,University of Bristol,Engineering Mathematics,BS8 1TH,South West,Stephen,John,Hogan,http://gtr.rcuk.ac.uk:80/projects?ref=EP%2FI013717%2F1
EPSRC Centre for Doctoral Training (CDT) in Sensor Technologies and Application,EPSRC,EP/L015889/1,2014-05-01,2022-10-31,3807960,University of Cambridge,Chemical Engineering and Biotechnology,CB2 1EW,East of England,Clemens,,Kaminski,http://gtr.rcuk.ac.uk:80/projects?ref=EP%2FL015889%2F1
EPSRC Centre for Doctoral Training (CDT) in Nuclear Fission- Next Generation Nuclear,EPSRC,EP/L015390/1,2014-04-01,2022-09-30,5181480,University of Manchester,Chemistry,M13 9PL,North West,Francis,,Livens,http://gtr.rcuk.ac.uk:80/projects?ref=EP%2FL015390%2F1
A UK Magnetic Resonance Basic Technology Centre for Doctoral Training (UK-MRBT-CDT),EPSRC,EP/J500045/1,2011-04-01,2018-03-31,1983940,University of Warwick,Physics,CV4 7AL,West Midlands,David,John,Lurie,http://gtr.rcuk.ac.uk:80/projects?ref=EP%2FJ500045%2F1
"CENTRE FOR DOCTORAL TRAINING IN STATISTICS AND OPERATIONAL RESEARCH, LANCASTER UNIVERSITY (LUSTOR)",EPSRC,EP/H023151/1,2010-10-01,2018-03-31,4515760,Lancaster University,Mathematics and Statistics,LA1 4YW,North West,Jonathan,,Tawn,http://gtr.rcuk.ac.uk:80/projects?ref=EP%2FH023151%2F1
Doctoral Training Centre in Continuous Manufacturing and Crystallisation,EPSRC,EP/K503289/1,2012-07-01,2018-12-31,4348960,University of Strathclyde,Inst of Pharmacy and Biomedical Sci,G1 1XQ,Scotland,Alastair,James,Florence,http://gtr.rcuk.ac.uk:80/projects?ref=EP%2FK503289%2F1
A centre for doctoral training on the theory and simulation of materials,EPSRC,EP/G036888/1,2009-10-01,2018-03-31,6418300,Imperial College London,Dept of Physics,SW7 2AZ,London,Arash,,Mostofi,http://gtr.rcuk.ac.uk:80/projects?ref=EP%2FG036888%2F1
The Scottish Doctoral Training Centre in Condensed Matter Physics,EPSRC,EP/G03673X/1,2009-10-01,2018-03-31,6673290,University of St Andrews,Physics and Astronomy,KY16 9AJ,Scotland,Andy,Peter,MacKenzie,http://gtr.rcuk.ac.uk:80/projects?ref=EP%2FG03673X%2F1
EPSRC and AHRC Centre for Doctoral Training in Media and Arts Technology,EPSRC,EP/L01632X/1,2014-05-01,2022-10-31,3697940,"Queen Mary, University of London",Sch of Electronic Eng & Computer Science,E1 4NS,London,Nicholas,Johnathan,Bryan-Kinns,http://gtr.rcuk.ac.uk:80/projects?ref=EP%2FL01632X%2F1
A Doctoral Training Centre in Complex Systems Simulations,EPSRC,EP/G03690X/1,2009-10-01,2018-03-31,6531180,University of Southampton,School of Chemistry,SO17 1BJ,South East,Jonathan,Wynne,Essex,http://gtr.rcuk.ac.uk:80/projects?ref=EP%2FG03690X%2F1
LSI Doctoral Training Centres - Neuroinformatics and computational neuroscience,EPSRC,EP/F500386/1,2008-10-01,2018-03-31,4782910,University of Edinburgh,Sch of Informatics,EH8 9YL,Scotland,Mark,,van Rossum,http://gtr.rcuk.ac.uk:80/projects?ref=EP%2FF500386%2F1
EPSRC Centre for Doctoral Training in Partial Differential Equations: Analysis and Applications,EPSRC,EP/L015811/1,2014-04-01,2022-09-30,4313520,University of Oxford,Mathematical Institute,OX1 2JD,South East,Gui-Qiang George,,Chen,http://gtr.rcuk.ac.uk:80/projects?ref=EP%2FL015811%2F1
EPSRC Centre for Doctoral Training in Wind and Marine Energy Systems,EPSRC,EP/L016680/1,2014-04-01,2022-09-30,3893970,University of Strathclyde,Electronic and Electrical Engineering,G1 1XQ,Scotland,William,Edward,Leithead,http://gtr.rcuk.ac.uk:80/projects?ref=EP%2FL016680%2F1
EPSRC Centre for Doctoral Training in Theory and Modelling in Chemical Sciences.,EPSRC,EP/L015722/1,2014-04-01,2022-09-30,4456570,University of Oxford,Theory and Modelling in Chem Sci CDT,OX1 2JD,South East,David,Edwin,Logan,http://gtr.rcuk.ac.uk:80/projects?ref=EP%2FL015722%2F1
EPSRC Centre for Doctoral Training in Additive Manufacturing and 3D Printing,EPSRC,EP/L01534X/1,2014-04-01,2022-09-30,4557040,University of Nottingham,Faculty of Engineering,NG7 2RD,East Midlands,Christopher,John,Tuck,http://gtr.rcuk.ac.uk:80/projects?ref=EP%2FL01534X%2F1
EPSRC Centre for Doctoral Training in Future Infrastructure and Built Environment,EPSRC,EP/L016095/1,2014-04-01,2022-09-30,4417690,University of Cambridge,Engineering,CB2 1EW,East of England,Lord Robert,,Mair,http://gtr.rcuk.ac.uk:80/projects?ref=EP%2FL016095%2F1
LSI DTCs 2007-Doctoral Training Centre for Regenerative Medicine,EPSRC,EP/F500491/1,2008-10-01,2018-03-31,7155550,Loughborough University,"Wolfson Sch of Mech, Elec & Manufac Eng",LE11 3TU,East Midlands,David John,,Williams,http://gtr.rcuk.ac.uk:80/projects?ref=EP%2FF500491%2F1
CENTRE FOR DOCTORAL TRAINING IN THE EPSRC CENTRE FOR INNOVATIVE MANUFACTURING IN EMERGENT MACROMOLECULAR THERAPIES,EPSRC,EP/K503332/1,2012-10-01,2019-03-31,2410820,University College London,Biochemical Engineering,WC1E 6BT,London,Paul,Anthony,Dalby,http://gtr.rcuk.ac.uk:80/projects?ref=EP%2FK503332%2F1
EPSRC Centre for Doctoral Training in Physical Sciences for Health (Sci-Phy-4-Health),EPSRC,EP/L016346/1,2014-04-01,2022-09-30,3509720,University of Birmingham,School of Chemistry,B15 2TT,West Midlands,Michael,John,Hannon,http://gtr.rcuk.ac.uk:80/projects?ref=EP%2FL016346%2F1
EPSRC Centre for Doctoral Training in Advanced Composites for Innovation and Science,EPSRC,EP/L016028/1,2014-04-01,2022-09-30,4858760,University of Bristol,Aerospace Engineering,BS8 1TH,South West,Paul,Michael,Weaver,http://gtr.rcuk.ac.uk:80/projects?ref=EP%2FL016028%2F1
EPSRC Centre for Doctoral Training in the Decarbonisation of the Built Environment (DBE),EPSRC,EP/L016869/1,2014-06-20,2022-12-19,5061,University of Bath,Architecture and Civil Engineering,BA2 7AY,South West,Sukumar,,Natarajan,http://gtr.rcuk.ac.uk:80/projects?ref=EP%2FL016869%2F1
EPSRC Centre for Doctoral Training in Integrated Photonic and Electronic Systems,EPSRC,EP/L015455/1,2014-04-01,2022-09-30,4259180,University College London,Electronic and Electrical Engineering,WC1E 6BT,London,Alwyn,,Seeds,http://gtr.rcuk.ac.uk:80/projects?ref=EP%2FL015455%2F1
EPSRC Centre for Doctoral Training in Physical Sciences Innovation in Chemical Biology for Bioindustry and Healthcare,EPSRC,EP/L015498/1,2014-04-01,2022-09-30,4617550,Imperial College London,Dept of Chemistry,SW7 2AZ,London,Oscar,,Ces,http://gtr.rcuk.ac.uk:80/projects?ref=EP%2FL015498%2F1
EPSRC Centre for Doctoral Training in Soft Matter and Functional Interfaces,EPSRC,EP/L015536/1,2014-04-01,2022-09-30,4807570,Durham University,Chemistry,DH1 3HP,North East,Tom,,McLeish,http://gtr.rcuk.ac.uk:80/projects?ref=EP%2FL015536%2F1
EPSRC Centre for Doctoral Training in Robotics and Autonomous Systems (RAS) in Edinburgh,EPSRC,EP/L016834/1,2014-04-01,2022-09-30,5741640,Heriot-Watt University,Sch of Engineering and Physical Science,EH14 4AS,Scotland,David,,Lane,http://gtr.rcuk.ac.uk:80/projects?ref=EP%2FL016834%2F1
EPSRC Centre for Doctoral Training in Molecular Modelling and Materials Science,EPSRC,EP/L015862/1,2014-04-01,2022-09-30,3821570,University College London,Chemistry,WC1E 6BT,London,Ivan,Paul,Parkin,http://gtr.rcuk.ac.uk:80/projects?ref=EP%2FL015862%2F1
EPSRC Centre for Doctoral Training in High Performance Embedded and Distributed Systems,EPSRC,EP/L016796/1,2014-04-01,2022-09-30,4081690,Imperial College London,Dept of Computing,SW7 2AZ,London,Wayne,,Luk,http://gtr.rcuk.ac.uk:80/projects?ref=EP%2FL016796%2F1
EPSRC Centre for Doctoral Training in Power Networks at The University of Manchester,EPSRC,EP/L016141/1,2014-04-01,2022-09-30,3948760,University of Manchester,Electrical and Electronic Engineering,M13 9PL,North West,Peter,,Crossley,http://gtr.rcuk.ac.uk:80/projects?ref=EP%2FL016141%2F1
"EPSRC Centre for Doctoral Training in Polymers, Soft Matter and Colloids",EPSRC,EP/L016281/1,2014-04-01,2022-09-30,4066460,University of Sheffield,Chemistry,S10 2TN,Yorkshire and The Humber,Steven,,Armes,http://gtr.rcuk.ac.uk:80/projects?ref=EP%2FL016281%2F1
EPSRC Centre for Doctoral Training in Theory and Simulation of Materials,EPSRC,EP/L015579/1,2014-04-01,2022-09-30,4356840,Imperial College London,Dept of Physics,SW7 2AZ,London,Arash,,Mostofi,http://gtr.rcuk.ac.uk:80/projects?ref=EP%2FL015579%2F1
EPSRC Centre for Doctoral Training in Complex Particulate Products and Processes,EPSRC,EP/L015285/1,2014-05-01,2022-10-31,3585910,University of Leeds,Chemical and Process Engineering,LS2 9JT,Yorkshire and The Humber,Kevin,John,Roberts,http://gtr.rcuk.ac.uk:80/projects?ref=EP%2FL015285%2F1
EPSRC Centre for Doctoral Training in Neurotechnology for Life and Health,EPSRC,EP/L016737/1,2014-04-01,2022-09-30,4164300,Imperial College London,Dept of Bioengineering,SW7 2AZ,London,Simon,Ross,Schultz,http://gtr.rcuk.ac.uk:80/projects?ref=EP%2FL016737%2F1
EPSRC Centre for Doctoral Training in Autonomous Intelligent Machines and Systems (AIMS),EPSRC,EP/L015897/1,2014-04-01,2022-09-30,4548910,University of Oxford,Engineering Science,OX1 2JD,South East,Stephen,,Roberts,http://gtr.rcuk.ac.uk:80/projects?ref=EP%2FL015897%2F1
EPSRC Centre for Doctoral Training in Nuclear Energy: Building UK Civil Nuclear Skills for Global Markets.,EPSRC,EP/L015900/1,2014-04-01,2022-09-30,4153660,Imperial College London,Materials,SW7 2AZ,London,William Edward (Bill),,Lee,http://gtr.rcuk.ac.uk:80/projects?ref=EP%2FL015900%2F1
EPSRC CENTRE FOR DOCTORAL TRAINING IN STATISTICS &amp; OPERATIONAL RESEARCH IN PARTNERSHIP WITH INDUSTRY (STOR-i),EPSRC,EP/L015692/1,2014-04-01,2022-09-30,3878130,Lancaster University,Mathematics and Statistics,LA1 4YW,North West,Jonathan,,Tawn,http://gtr.rcuk.ac.uk:80/projects?ref=EP%2FL015692%2F1
EPSRC Centre for Doctoral Training in Statistical Applied Mathematics at Bath (SAMBa),EPSRC,EP/L015684/1,2014-05-01,2022-10-31,3774210,University of Bath,Mathematical Sciences,BA2 7AY,South West,Andreas,Eou,Kyprianou,http://gtr.rcuk.ac.uk:80/projects?ref=EP%2FL015684%2F1
EPSRC Centre for Doctoral Training in Water Informatics: Science and Engineering (WISE),EPSRC,EP/L016214/1,2014-04-01,2022-09-30,5292700,University of Exeter,Engineering Computer Science and Maths,EX4 4QX,South West,Dragan,,Savic,http://gtr.rcuk.ac.uk:80/projects?ref=EP%2FL016214%2F1
EPSRC Centre for Doctoral Training in Cloud Computing for Big Data,EPSRC,EP/L015358/1,2014-05-01,2022-10-31,3503440,Newcastle University,Computing Sciences,NE1 7RU,North East,Paul,,Watson,http://gtr.rcuk.ac.uk:80/projects?ref=EP%2FL015358%2F1
EPSRC Centre for Doctoral Training in Future Communications 2: : Training Tomorrow's Internet Innovators,EPSRC,EP/L016656/1,2016-04-01,2022-09-30,3034320,University of Bristol,Electrical and Electronic Engineering,BS8 1TH,South West,David,,Bull,http://gtr.rcuk.ac.uk:80/projects?ref=EP%2FL016656%2F1
EPSRC Centre for Doctoral Training in Synthesis for Biology and Medicine,EPSRC,EP/L015838/1,2014-04-01,2022-09-30,4811030,University of Oxford,Oxford Chemistry,OX1 2JD,South East,Darren,James,Dixon,http://gtr.rcuk.ac.uk:80/projects?ref=EP%2FL015838%2F1
EPSRC Centre for Doctoral Training in the Advanced Characterisation of Materials,EPSRC,EP/L015277/1,2014-05-01,2022-10-31,4226130,Imperial College London,Materials,SW7 2AZ,London,Stephen,John,Skinner,http://gtr.rcuk.ac.uk:80/projects?ref=EP%2FL015277%2F1
EPSRC Centre for Doctoral Training in Computational Methods for Materials Science,EPSRC,EP/L015552/1,2014-04-01,2022-09-30,4521210,University of Cambridge,Physics,CB2 1EW,East of England,Michael,Christopher,Payne,http://gtr.rcuk.ac.uk:80/projects?ref=EP%2FL015552%2F1
EPSRC Centre for Doctoral Training in Carbon Capture and Storage and Cleaner Fossil Energy,EPSRC,EP/L016362/1,2014-04-01,2022-09-30,3452110,University of Nottingham,Faculty of Engineering,NG7 2RD,East Midlands,Colin,Edward,Snape,http://gtr.rcuk.ac.uk:80/projects?ref=EP%2FL016362%2F1
EPSRC Centre for Doctoral Training in Analysis (Cambridge Centre for Analysis),EPSRC,EP/L016516/1,2014-05-01,2022-10-31,3239840,University of Cambridge,Pure Maths and Mathematical Statistics,CB2 1EW,East of England,James,,Norris,http://gtr.rcuk.ac.uk:80/projects?ref=EP%2FL016516%2F1
EPSRC Centre for Doctoral Training in Future Autonomous and Robotic Systems - FARSCOPE,EPSRC,EP/L015293/1,2014-04-01,2022-09-30,4930860,University of Bristol,Aerospace Engineering,BS8 1TH,South West,Arthur,,Richards,http://gtr.rcuk.ac.uk:80/projects?ref=EP%2FL015293%2F1
EPSRC Centre for Doctoral Training in Photonic Integration and Advanced Data Storage,EPSRC,EP/L015323/1,2014-04-01,2022-09-30,3000000,Queen's University of Belfast,Sch of Mathematics and Physics,BT7 1NN,Northern Ireland,Robert,,Bowman,http://gtr.rcuk.ac.uk:80/projects?ref=EP%2FL015323%2F1
EPSRC Centre for Doctoral Training in Intelligent Games &amp; Game Intelligence (IGGI),EPSRC,EP/L015846/1,2014-04-01,2022-09-30,5589510,University of York,Computer Science,YO10 5DD,Yorkshire and The Humber,Peter,Ivan,Cowling,http://gtr.rcuk.ac.uk:80/projects?ref=EP%2FL015846%2F1
EPSRC Centre for Doctoral Training in the Science and Technology of Fusion Energy,EPSRC,EP/L01663X/1,2014-04-01,2022-09-30,3732000,University of York,Physics,YO10 5DD,Yorkshire and The Humber,Howard,,Wilson,http://gtr.rcuk.ac.uk:80/projects?ref=EP%2FL01663X%2F1
Centre for Doctoral Training in Cyber Security at Royal Holloway: Renewal of the CS-CDT at RHUL,EPSRC,EP/P009301/1,2016-10-01,2023-03-31,3454900,"Royal Holloway, University of London",Information Security,TW20 0EX,South East,Carlos,,CID,http://gtr.rcuk.ac.uk:80/projects?ref=EP%2FP009301%2F1
EPSRC and MRC Centre for Doctoral Training in Next Generation Statistical Science: The Oxford-Warwick Statistics Programme.,EPSRC,EP/L016710/1,2014-04-01,2022-09-30,4263190,University of Oxford,Statistics,OX1 2JD,South East,Christopher,,Holmes,http://gtr.rcuk.ac.uk:80/projects?ref=EP%2FL016710%2F1
EPSRC CENTRE FOR DOCTORAL TRAINING IN THE MATHEMATICS OF PLANET EARTH AT IMPERIAL COLLEGE LONDON AND THE UNIVERSITY OF READING,EPSRC,EP/L016613/1,2014-04-01,2022-09-30,5463490,Imperial College London,Dept of Mathematics,SW7 2AZ,London,Dan,,Crisan,http://gtr.rcuk.ac.uk:80/projects?ref=EP%2FL016613%2F1
EPSRC and ESRC Centre for Doctoral Training in Quantification and Management of Risk &amp; Uncertainty in Complex Systems &amp; Environments.,EPSRC,EP/L015927/1,2014-10-01,2023-03-31,4113080,University of Liverpool,School of Engineering,L69 3BX,North West,John,,Mottershead,http://gtr.rcuk.ac.uk:80/projects?ref=EP%2FL015927%2F1
EPSRC Centre for Doctoral Training in Tissue Engineering and Regenerative Medicine; Innovation in Medical and Biological Engineering,EPSRC,EP/L014823/1,2014-04-01,2022-09-30,3334100,University of Leeds,Mechanical Engineering,LS2 9JT,Yorkshire and The Humber,Joanne,Lisbeth,Tipper,http://gtr.rcuk.ac.uk:80/projects?ref=EP%2FL014823%2F1
EPSRC Centre for Doctoral Training in Fuel Cells and their Fuels - Clean Power for the 21st Century,EPSRC,EP/L015749/1,2014-04-01,2022-09-30,4416320,University of Birmingham,Chemical Engineering,B15 2TT,West Midlands,Robert,,Steinberger-Wilckens,http://gtr.rcuk.ac.uk:80/projects?ref=EP%2FL015749%2F1
EPSRC Centre for Doctoral Training in Mathematical Analysis and its Applications:Maxwell Institute Graduate School in Analysis &amp; Applications - MIGSAA,EPSRC,EP/L016508/1,2014-05-01,2022-10-31,4543510,University of Edinburgh,Sch of Mathematics,EH8 9YL,Scotland,Anthony,,Carbery,http://gtr.rcuk.ac.uk:80/projects?ref=EP%2FL016508%2F1
The UK Doctoral Training Centre in Energy Demand Reduction and the Built Environment,EPSRC,EP/H009612/1,2009-10-01,2018-03-31,5814410,University College London,"Bartlett Sch of Env, Energy & Resources",WC1E 6BT,London,Robert,John,Lowe,http://gtr.rcuk.ac.uk:80/projects?ref=EP%2FH009612%2F1
Advanced Composites Centre for Innovation &amp; Science (ACCIS) Doctoral Training Centre,EPSRC,EP/G036772/1,2009-10-01,2018-03-31,7133150,University of Bristol,Aerospace Engineering,BS8 1TH,South West,Michael,,Wisnom,http://gtr.rcuk.ac.uk:80/projects?ref=EP%2FG036772%2F1
Doctoral Training Centre in Advanced Metallic Systems - Challenges in Global Competitiveness,EPSRC,EP/G036950/1,2009-10-01,2018-03-31,6370660,University of Sheffield,Materials Science and Engineering,S10 2TN,Yorkshire and The Humber,Bradley,Peter,Wynne,http://gtr.rcuk.ac.uk:80/projects?ref=EP%2FG036950%2F1
Cambridge NanoScience through Engineering to Application Doctoral Training Centre: Assembly of Functional NanoMaterials and NanoDevices,EPSRC,EP/G037221/1,2009-10-01,2018-03-31,6758720,University of Cambridge,Physics,CB2 1EW,East of England,Jeremy,John,Baumberg,http://gtr.rcuk.ac.uk:80/projects?ref=EP%2FG037221%2F1
Doctoral Training Centre in Digital Music and Media for the Creative Economy,EPSRC,EP/G03723X/1,2009-10-01,2018-03-31,5971210,"Queen Mary, University of London",Sch of Electronic Eng & Computer Science,E1 4NS,London,Mark,,Sandler,http://gtr.rcuk.ac.uk:80/projects?ref=EP%2FG03723X%2F1
Doctoral Training Centre in Science and Application of Plastic Electronic Materials,EPSRC,EP/G037515/1,2009-10-01,2018-03-31,7293480,Imperial College London,Dept of Physics,SW7 2AZ,London,Jenny,,Nelson,http://gtr.rcuk.ac.uk:80/projects?ref=EP%2FG037515%2F1
EPSRC Centre for Doctoral Training in Emergent Macromolecular Therapies (EMT): A National CDT linked to an EPSRC Centre for Innovative Manufacturing,EPSRC,EP/L015218/1,2015-10-01,2022-09-30,3709820,University College London,Biochemical Engineering,WC1E 6BT,London,Paul,Anthony,Dalby,http://gtr.rcuk.ac.uk:80/projects?ref=EP%2FL015218%2F1
EPSRC and MRC Centre for Doctoral Training in Optical Medical Imaging - Training the next generation of scientific entrepreneurs in healthcare tech.,EPSRC,EP/L016559/1,2014-05-01,2022-10-31,4536460,University of Edinburgh,Sch of Chemistry,EH8 9YL,Scotland,Mark,,Bradley,http://gtr.rcuk.ac.uk:80/projects?ref=EP%2FL016559%2F1
EPSRC Centre for Doctoral Training in Catalysis,EPSRC,EP/L016443/1,2014-04-01,2022-09-30,4504580,Cardiff University,Chemistry,CF10 3TE,Wales,Graham,,Hutchings,http://gtr.rcuk.ac.uk:80/projects?ref=EP%2FL016443%2F1
LSI Doctoral Training Centres - Medical devices doctoral training centre,EPSRC,EP/F50036X/1,2008-10-01,2018-03-31,4612580,University of Strathclyde,Biomedical Engineering,G1 1XQ,Scotland,Patricia,,Connolly,http://gtr.rcuk.ac.uk:80/projects?ref=EP%2FF50036X%2F1
EPSRC Centre for Doctoral Training in Bioprocess Engineering Leadership,EPSRC,EP/L01520X/1,2014-10-01,2023-03-31,4424690,University College London,Biochemical Engineering,WC1E 6BT,London,Gary,,Lye,http://gtr.rcuk.ac.uk:80/projects?ref=EP%2FL01520X%2F1
EPSRC Centre for Doctoral Training in Composites Manufacture,EPSRC,EP/L015102/1,2014-04-01,2022-09-30,3731260,University of Bristol,Aerospace Engineering,BS8 1TH,South West,Ivana,Katherine,Partridge,http://gtr.rcuk.ac.uk:80/projects?ref=EP%2FL015102%2F1
EPSRC Centre for Doctoral Training in Medical Imaging,EPSRC,EP/L016478/1,2014-04-01,2022-09-30,5686850,University College London,Medical Physics and Biomedical Eng,WC1E 6BT,London,Sebastien,,Ourselin,http://gtr.rcuk.ac.uk:80/projects?ref=EP%2FL016478%2F1
EPSRC and MRC Centre for Doctoral Training in Biomedical Imaging,EPSRC,EP/L016052/1,2014-05-01,2022-10-31,3864870,University of Oxford,Biomedical Imaging CDT,OX1 2JD,South East,Peter,,Jezzard,http://gtr.rcuk.ac.uk:80/projects?ref=EP%2FL016052%2F1
EPSRC Centre for Doctoral Training in Next Generation Computational Modelling,EPSRC,EP/L015382/1,2014-04-01,2022-09-30,3941020,University of Southampton,Faculty of Engineering & the Environment,SO17 1BJ,South East,Hans,,Fangohr,http://gtr.rcuk.ac.uk:80/projects?ref=EP%2FL015382%2F1
EPSRC Centre for Doctoral Training in Innovative Metal Processing IMPaCT,EPSRC,EP/L016206/1,2014-04-01,2022-09-30,3118340,University of Leicester,Engineering,LE1 7RH,East Midlands,Hongbiao,,Dong,http://gtr.rcuk.ac.uk:80/projects?ref=EP%2FL016206%2F1
EPSRC Centre for Doctoral Training in Delivering Quantum Technologies,EPSRC,EP/L015242/1,2014-04-01,2022-09-30,5004660,University College London,London Centre for Nanotechnology,WC1E 6BT,London,Daniel Edward,,Browne,http://gtr.rcuk.ac.uk:80/projects?ref=EP%2FL015242%2F1
Oxford University Centre for Doctoral Training in Cyber Security,EPSRC,EP/K035606/1,2013-04-01,2019-12-31,3662580,University of Oxford,Computer Science,OX1 2JD,South East,Andrew,,Martin,http://gtr.rcuk.ac.uk:80/projects?ref=EP%2FK035606%2F1
EPSRC Centre for Doctoral Training in Data Science,EPSRC,EP/L016427/1,2014-04-01,2022-09-30,4726270,University of Edinburgh,Sch of Informatics,EH8 9YL,Scotland,Chris,,Williams,http://gtr.rcuk.ac.uk:80/projects?ref=EP%2FL016427%2F1
EPSRC Centre for Doctoral Training in Formulation Engineering,EPSRC,EP/L015153/1,2014-10-01,2023-03-31,3609850,University of Birmingham,Chemical Engineering,B15 2TT,West Midlands,Peter,Jonathan,Fryer,http://gtr.rcuk.ac.uk:80/projects?ref=EP%2FL015153%2F1
EPSRC Centre for Doctoral Training in Quantitative NDE,EPSRC,EP/L015587/1,2015-04-01,2022-09-30,3033180,Imperial College London,Dept of Mechanical Engineering,SW7 2AZ,London,Peter,,Cawley,http://gtr.rcuk.ac.uk:80/projects?ref=EP%2FL015587%2F1
EPSRC Centre for Doctoral Training in Functional Materials: The BCFN,EPSRC,EP/L016648/1,2014-04-01,2022-09-30,4555660,University of Bristol,Physics,BS8 1TH,South West,Terence,James,McMaster,http://gtr.rcuk.ac.uk:80/projects?ref=EP%2FL016648%2F1
EPSRC Centre for Doctoral Training in Digital Civics,EPSRC,EP/L016176/1,2014-04-01,2022-09-30,4707330,Newcastle University,Computing Sciences,NE1 7RU,North East,Patrick,,Olivier,http://gtr.rcuk.ac.uk:80/projects?ref=EP%2FL016176%2F1
Warwick Complexity Science Doctoral Training Centre 2,EPSRC,EP/I01358X/1,2011-10-01,2017-09-30,3442540,University of Warwick,Physics,CV4 7AL,West Midlands,Robin,Christopher,Ball,http://gtr.rcuk.ac.uk:80/projects?ref=EP%2FI01358X%2F1
Wales ESRC Doctoral Training Centre DTG 2011,ESRC,ES/J500197/1,2011-10-01,2020-09-30,14239700,Cardiff University,Registry,CF10 3TE,Wales,Amanda,,Rouse,http://gtr.rcuk.ac.uk:80/projects?ref=ES%2FJ500197%2F1
LSI Doctoral Training Centres - Doctoral Training Centre in Cell &amp; Proteomic Technologies,EPSRC,EP/F500424/1,2008-10-01,2018-03-31,4820420,University of Glasgow,School of Life Sciences,G12 8QQ,Scotland,Jonathan,,Cooper,http://gtr.rcuk.ac.uk:80/projects?ref=EP%2FF500424%2F1
LSI Doctoral Training Centres - Molecular organisation and assembly in cells (MOAC) doctoral training centre,EPSRC,EP/F500378/1,2008-10-01,2018-03-31,5496420,University of Warwick,Chemistry,CV4 7AL,West Midlands,Alison,,Rodger,http://gtr.rcuk.ac.uk:80/projects?ref=EP%2FF500378%2F1
Queen Mary and Goldsmiths ESRC Doctoral Training Centre DTG 2011,ESRC,ES/J500124/1,2011-10-01,2020-09-30,4595040,"Queen Mary, University of London",English,E1 4NS,London,Virginia,Grace,Davis,http://gtr.rcuk.ac.uk:80/projects?ref=ES%2FJ500124%2F1
North West ESRC Doctoral Training Centre DTG 2011,ESRC,ES/J500094/1,2011-10-01,2020-09-30,24718100,University of Liverpool,Graduate School,L69 3BX,North West,Peter,William,Batey,http://gtr.rcuk.ac.uk:80/projects?ref=ES%2FJ500094%2F1
Cambridge &amp; Cranfield Doctoral Training Centre in Ultra Precision,EPSRC,EP/K503241/1,2012-10-01,2019-03-31,2566790,University of Cambridge,Engineering,CB2 1EW,East of England,William,,O'Neill,http://gtr.rcuk.ac.uk:80/projects?ref=EP%2FK503241%2F1
London Business School ESRC Doctoral Training Centre DTG 2011,ESRC,ES/J500069/1,2011-10-01,2020-09-30,2946600,London Business School,Research and Faculty Office,NW1 4SA,London,Phanish,,Puranam,http://gtr.rcuk.ac.uk:80/projects?ref=ES%2FJ500069%2F1
University of Southampton ESRC Doctoral Training Centre DTG 2011,ESRC,ES/J500161/1,2011-10-01,2020-09-30,7438930,University of Southampton,School of Social Sciences,SO17 1BJ,South East,Jane,Cecelia,Falkingham,http://gtr.rcuk.ac.uk:80/projects?ref=ES%2FJ500161%2F1
University of Nottingham ESRC Doctoral Training Centre DTG 2011,ESRC,ES/J500100/1,2011-10-01,2020-09-30,7190820,University of Nottingham,Research and Graduate Services,NG7 2RD,East Midlands,Claire,,O'Malley,http://gtr.rcuk.ac.uk:80/projects?ref=ES%2FJ500100%2F1
South West ESRC Doctoral Training Centre DTG 2011,ESRC,ES/J50015X/1,2011-10-01,2020-09-30,15744100,University of Bristol,Research and Enterprise Development,BS8 1TH,South West,Judith,,Squires,http://gtr.rcuk.ac.uk:80/projects?ref=ES%2FJ50015X%2F1
"Doctoral Training Centre in Hydrogen, Fuel Cells and their Applications",EPSRC,EP/G037116/1,2009-10-01,2018-03-31,5542950,University of Birmingham,Chemical Engineering,B15 2TT,West Midlands,Kevin,,Kendall,http://gtr.rcuk.ac.uk:80/projects?ref=EP%2FG037116%2F1
A Holistic Doctoral Training Centre for Chemical Synthesis,EPSRC,EP/G036764/1,2009-10-01,2018-03-31,8086500,University of Bristol,Chemistry,BS8 1TH,South West,Kevin,Iain,Booker-Milburn,http://gtr.rcuk.ac.uk:80/projects?ref=EP%2FG036764%2F1
South East ESRC Doctoral Training Centre DTG 2011,ESRC,ES/J500148/1,2011-10-01,2020-09-30,9519310,University of Surrey,Psychology,GU2 7XH,South East,Chris,,Fife-Schaw,http://gtr.rcuk.ac.uk:80/projects?ref=ES%2FJ500148%2F1
University of Warwick ESRC Doctoral Training Centre DTG 2011,ESRC,ES/J500203/1,2011-10-03,2020-09-30,10904000,University of Warwick,Research Support Services,CV4 7AL,West Midlands,Michael,,Saward,http://gtr.rcuk.ac.uk:80/projects?ref=ES%2FJ500203%2F1
University of Essex ESRC Doctoral Training Centre DTG 2011,ESRC,ES/J500045/1,2011-10-01,2020-09-30,6977360,University of Essex,Sociology,CO4 3SQ,East of England,Pamela,,Cox,http://gtr.rcuk.ac.uk:80/projects?ref=ES%2FJ500045%2F1
University of Cambridge ESRC Doctoral Training Centre DTG 2011,ESRC,ES/J500033/1,2011-10-01,2020-09-30,9930060,University of Cambridge,Board of Graduate Studies,CB2 1EW,East of England,Loraine,Ruth,Gelsthorpe,http://gtr.rcuk.ac.uk:80/projects?ref=ES%2FJ500033%2F1
University of Oxford ESRC Doctoral Training Centre DTG 2011,ESRC,ES/J500112/1,2011-10-01,2020-09-30,17188400,University of Oxford,Social Sciences Division,OX1 2JD,South East,Roger,J,Goodman,http://gtr.rcuk.ac.uk:80/projects?ref=ES%2FJ500112%2F1
University College London ESRC Doctoral Training Centre DTG 2011,ESRC,ES/J500185/1,2011-10-01,2020-09-30,13213000,University College London,Economics,WC1E 6BT,London,Stephen,Malcolm,Hart,http://gtr.rcuk.ac.uk:80/projects?ref=ES%2FJ500185%2F1
North East ESRC Doctoral Training Centre DTG 2011,ESRC,ES/J500082/1,2011-10-01,2020-09-30,10222400,Durham University,Archaeology,DH1 3HP,North East,Ian,,Greener,http://gtr.rcuk.ac.uk:80/projects?ref=ES%2FJ500082%2F1
University of Birmingham ESRC Doctoral Training Centre DTG 2011,ESRC,ES/J50001X/1,2011-10-01,2020-09-30,5503660,University of Birmingham,The Registrar,B15 2TT,West Midlands,Hilary,,Watson,http://gtr.rcuk.ac.uk:80/projects?ref=ES%2FJ50001X%2F1
London School of Economics ESRC Doctoral Training Centre DTG 2011,ESRC,ES/J500070/1,2011-10-01,2020-09-30,15316400,London School of Economics & Pol Sci,Research & Project Development Division,WC2A 2AE,London,Janet,Margaret,Hartley,http://gtr.rcuk.ac.uk:80/projects?ref=ES%2FJ500070%2F1
White Rose ESRC Doctoral Training Centre DTG 2011,ESRC,ES/J500215/1,2011-10-01,2020-09-30,18443900,University of Sheffield,Geography,S10 2TN,Yorkshire and The Humber,Martin John,,Smith,http://gtr.rcuk.ac.uk:80/projects?ref=ES%2FJ500215%2F1
Kings College London ESRC Doctoral Training Centre DTG 2011,ESRC,ES/J500057/1,2011-10-01,2020-09-30,6344210,King's College London,SSPP School Office,SE1 3QD,London,Eva,,Broer,http://gtr.rcuk.ac.uk:80/projects?ref=ES%2FJ500057%2F1
University of Sussex ESRC Doctoral Training Centre DTG 2011,ESRC,ES/J500173/1,2011-10-01,2020-09-30,4357090,University of Sussex,Research and Enterprise Services,BN1 9RH,South East,Alan,,Garnham,http://gtr.rcuk.ac.uk:80/projects?ref=ES%2FJ500173%2F1
Bloomsbury Colleges ESRC Doctoral Training Centre DTG 2011,ESRC,ES/J500021/1,2011-10-01,2020-09-30,11269900,University College London,Doctoral School,WC1E 6BT,London,Andrew,,Tolmie,http://gtr.rcuk.ac.uk:80/projects?ref=ES%2FJ500021%2F1
Centre for Doctoral Training in Basic Technologies for Molecular-Scale Engineering,EPSRC,EP/J500124/1,2011-10-01,2018-09-30,1999640,University of Leeds,Electronic and Electrical Engineering,LS2 9JT,Yorkshire and The Humber,Jamie,,Hobbs,http://gtr.rcuk.ac.uk:80/projects?ref=EP%2FJ500124%2F1
EPSRC Centre for Doctoral Training in Sustainable Materials and Manufacturing (EngD),EPSRC,EP/L016389/1,2014-05-01,2022-10-31,3358440,University of Warwick,WMG,CV4 7AL,West Midlands,Kerry,Emmett Arthur,Kirwan,http://gtr.rcuk.ac.uk:80/projects?ref=EP%2FL016389%2F1
EPSRC Centre for Doctoral Training in Energy Storage and its Applications,EPSRC,EP/L016818/1,2014-04-01,2022-09-30,4078780,University of Sheffield,Chemical & Biological Engineering,S10 2TN,Yorkshire and The Humber,Peter,Joseph,Hall,http://gtr.rcuk.ac.uk:80/projects?ref=EP%2FL016818%2F1
EPSRC Centre for Doctoral Training in Geometry and Number Theory at the Interface,EPSRC,EP/L015234/1,2014-04-01,2022-09-30,4696650,University College London,Mathematics,WC1E 6BT,London,Michael,,Singer,http://gtr.rcuk.ac.uk:80/projects?ref=EP%2FL015234%2F1
EPSRC Centre for Doctoral Training in Cross-Disciplinary Approaches to Non-Equilibrium Systems,EPSRC,EP/L015854/1,2014-05-01,2022-10-31,3868980,King's College London,Mathematics,SE1 3QD,London,Peter,,Sollich,http://gtr.rcuk.ac.uk:80/projects?ref=EP%2FL015854%2F1
EPSRC Centre for Doctoral Training in Engineering for the Water Sector (STREAM IDC),EPSRC,EP/L015412/1,2014-04-01,2022-09-30,3678060,Cranfield University,"School of Water, Energy and Environment",MK43 0AL,East of England,Paul,,Jeffrey,http://gtr.rcuk.ac.uk:80/projects?ref=EP%2FL015412%2F1
EPSRC Centre for Doctoral Training in Future Power Networks and Smart Grids,EPSRC,EP/L015471/1,2014-04-01,2022-09-30,4404160,University of Strathclyde,Electronic and Electrical Engineering,G1 1XQ,Scotland,Stephen,,McArthur,http://gtr.rcuk.ac.uk:80/projects?ref=EP%2FL015471%2F1
EPSRC Centre for Doctoral Training in Advanced Metallic Systems - Challenges in Future Metals Manufacturing,EPSRC,EP/L016273/1,2014-04-01,2022-09-30,3485040,University of Sheffield,Materials Science and Engineering,S10 2TN,Yorkshire and The Humber,Bradley,Peter,Wynne,http://gtr.rcuk.ac.uk:80/projects?ref=EP%2FL016273%2F1
EPSRC Centre for Doctoral Training in Micro- and NanoMaterials and Technologies,EPSRC,EP/L016788/1,2014-04-01,2022-09-30,3193850,University of Surrey,Mechanical Engineering Sciences,GU2 7XH,South East,Robert,Andrew,Dorey,http://gtr.rcuk.ac.uk:80/projects?ref=EP%2FL016788%2F1
EPSRC and MRC Centre for Doctoral Training in Systems Approaches to Biomedical Science,EPSRC,EP/L016044/1,2014-10-06,2023-04-05,3552380,University of Oxford,"Mathematical, Physical&Life Sciences Div",OX1 2JD,South East,Charlotte,,Deane,http://gtr.rcuk.ac.uk:80/projects?ref=EP%2FL016044%2F1
From Targeted Therapeutics to Next-Generation Medicines,EPSRC,EP/I01375X/1,2011-10-01,2017-09-30,1330810,University of Nottingham,Sch of Pharmacy,NG7 2RD,East Midlands,Cameron,,Alexander,http://gtr.rcuk.ac.uk:80/projects?ref=EP%2FI01375X%2F1
DTP 2016-2017 University of Edinburgh,EPSRC,EP/N509644/1,2016-10-01,2021-09-30,5843460,University of Edinburgh,College of Science and Engineering,EH8 9YL,Scotland,Julia,Miller,Ferguson,http://gtr.rcuk.ac.uk:80/projects?ref=EP%2FN509644%2F1
A suite of interdisciplinary advanced training opportunities for social scientists at the Cambridge DTC,ESRC,ES/M005895/1,2014-11-01,2017-10-31,19198,University of Cambridge,Criminology,CB2 1EW,East of England,Loraine,Ruth,Gelsthorpe,http://gtr.rcuk.ac.uk:80/projects?ref=ES%2FM005895%2F1
DTC ENERGY: Technologies for a low carbon future,EPSRC,EP/G036608/1,2009-10-01,2018-03-31,6550560,University of Leeds,Chemical and Process Engineering,LS2 9JT,Yorkshire and The Humber,Paul,,Williams,http://gtr.rcuk.ac.uk:80/projects?ref=EP%2FG036608%2F1
DTP 2016-2017 Loughborough University,EPSRC,EP/N509516/1,2016-10-01,2021-09-30,3779370,Loughborough University,Research Student Office,LE11 3TU,East Midlands,Brigette,,Vale,http://gtr.rcuk.ac.uk:80/projects?ref=EP%2FN509516%2F1
DTP 2016-2017 Durham University,EPSRC,EP/N509462/1,2016-10-01,2021-09-30,1613600,Durham University,Student Financial Support,DH1 3HP,North East,Andrea,,Bailey,http://gtr.rcuk.ac.uk:80/projects?ref=EP%2FN509462%2F1
DTP 2016-2017 Imperal College,EPSRC,EP/N509486/1,2016-10-01,2021-09-30,18685600,Imperial College London,Research Office,SW7 2AZ,London,Malcolm,,Aldridge,http://gtr.rcuk.ac.uk:80/projects?ref=EP%2FN509486%2F1
EPSRC CDT in Medical Devices &amp; Health Technologies,EPSRC,EP/L015595/1,2014-04-01,2022-09-30,4097770,University of Strathclyde,Biomedical Engineering,G1 1XQ,Scotland,Patricia,,Connolly,http://gtr.rcuk.ac.uk:80/projects?ref=EP%2FL015595%2F1
"Nuclear Fission Research, Science and Technology DTC (Nuclear FiRST)- Underpinning UK Energy and Defence Strategies",EPSRC,EP/G037140/1,2009-10-01,2018-03-31,7071240,University of Manchester,Chemistry,M13 9PL,North West,Francis,,Livens,http://gtr.rcuk.ac.uk:80/projects?ref=EP%2FG037140%2F1
DTP 2016-2017 University of Bristol,EPSRC,EP/N509619/1,2016-10-01,2021-09-30,8601990,University of Bristol,Senior Faculty Accountant,BS8 1TH,South West,Jane,,FitzWalter,http://gtr.rcuk.ac.uk:80/projects?ref=EP%2FN509619%2F1
DTP 2016-2017 University of Oxford,EPSRC,EP/N509711/1,2016-10-01,2021-09-30,13509900,University of Oxford,"Mathematical, Physical&Life Sciences Div",OX1 2JD,South East,Martin,,Williams,http://gtr.rcuk.ac.uk:80/projects?ref=EP%2FN509711%2F1
DTP 2016-2017 University of Brighton,EPSRC,EP/N509607/1,2016-10-01,2021-09-30,508694,University of Brighton,Senior Management Team,BN2 2GJ,South East,Neil,,Ravenscroft,http://gtr.rcuk.ac.uk:80/projects?ref=EP%2FN509607%2F1
DTP 2016-2017 University College London,EPSRC,EP/N509577/1,2016-10-01,2021-09-30,13171600,University College London,Research Services,WC1E 6BT,London,Ian David Lockhart,,Bogle,http://gtr.rcuk.ac.uk:80/projects?ref=EP%2FN509577%2F1
Digital Economy Doctoral Training Network,EPSRC,EP/L011891/1,2014-04-01,2019-03-31,507360,University of Nottingham,Faculty of Engineering,NG7 2RD,East Midlands,Sarah,,Sharples,http://gtr.rcuk.ac.uk:80/projects?ref=EP%2FL011891%2F1
LSI DTCs 2007: Physical sciences of imaging in the biomedical sciences (PSIBS),EPSRC,EP/F50053X/1,2008-10-01,2018-03-31,7181440,University of Birmingham,School of Chemistry,B15 2TT,West Midlands,Michael,John,Hannon,http://gtr.rcuk.ac.uk:80/projects?ref=EP%2FF50053X%2F1
DTP 2016-2017 University of York,EPSRC,EP/N509802/1,2016-10-01,2021-09-30,4067670,University of York,Physics,YO10 5DD,Yorkshire and The Humber,Brian,,Fulton,http://gtr.rcuk.ac.uk:80/projects?ref=EP%2FN509802%2F1
DTP 2016-2017 King's College London,EPSRC,EP/N509498/1,2016-10-01,2021-09-30,1994760,King's College London,King's College London Central Offices,SE1 3QD,London,Jennie,,Eldridge,http://gtr.rcuk.ac.uk:80/projects?ref=EP%2FN509498%2F1
From Human Data to Personal Experience,EPSRC,EP/M02315X/1,2015-08-01,2020-07-31,4062950,University of Nottingham,Horizon Digital Economy Research,NG7 2RD,East Midlands,Derek,,McAuley,http://gtr.rcuk.ac.uk:80/projects?ref=EP%2FM02315X%2F1
"Future Communications: People, Power and Performanace",EPSRC,EP/I028153/1,2011-04-01,2019-09-30,2207650,University of Bristol,Electrical and Electronic Engineering,BS8 1TH,South West,David,,Bull,http://gtr.rcuk.ac.uk:80/projects?ref=EP%2FI028153%2F1
Analysis: from theory to applications,EPSRC,EP/H023348/1,2010-10-01,2017-09-30,3965030,University of Cambridge,Pure Maths and Mathematical Statistics,CB2 1EW,East of England,James,,Norris,http://gtr.rcuk.ac.uk:80/projects?ref=EP%2FH023348%2F1
A PhD partnership between the Durham Centre for Soft Matter and a South African Universities Soft Matter Community,ESRC,ES/N013832/1,2015-11-08,2018-11-07,120084,Durham University,Chemistry,DH1 3HP,North East,Lian,Richard,Hutchings,http://gtr.rcuk.ac.uk:80/projects?ref=ES%2FN013832%2F1
SE DTC Advanced Training 2014,ESRC,ES/M00595X/1,2015-01-01,2017-12-31,30382,University of Surrey,Psychology,GU2 7XH,South East,Chris,,Fife-Schaw,http://gtr.rcuk.ac.uk:80/projects?ref=ES%2FM00595X%2F1
Securing the Future: Photonic Systems Development,EPSRC,EP/G037256/1,2009-10-01,2018-03-31,7190020,University College London,Electronic and Electrical Engineering,WC1E 6BT,London,Alwyn,,Seeds,http://gtr.rcuk.ac.uk:80/projects?ref=EP%2FG037256%2F1
Training &amp; Skills Hub in Quantum Systems Engineering: The Quantum Enterprise Hub,EPSRC,EP/P510269/1,2016-04-01,2021-03-31,4411280,University of Bristol,Physics,BS8 1TH,South West,Mark,Gerard,Thompson,http://gtr.rcuk.ac.uk:80/projects?ref=EP%2FP510269%2F1
Scottish DTC GCRF Postdoctoral Fellowships 2016 (pilot),ESRC,ES/P50063X/1,2016-01-01,2016-09-30,500000,University of Edinburgh,Sch of Social and Political Science,EH8 9YL,Scotland,Graham,Paul,Crow,http://gtr.rcuk.ac.uk:80/projects?ref=ES%2FP50063X%2F1
Oxford DTC GCRF Postdoctoral Fellowships 2016 (pilot),ESRC,ES/P500641/1,2016-10-01,2017-09-30,500000,University of Oxford,Education,OX1 2JD,South East,David,,Mills,http://gtr.rcuk.ac.uk:80/projects?ref=ES%2FP500641%2F1
Controlled Quantum Dynamics - The CQD-DTC,EPSRC,EP/G037043/1,2009-10-01,2018-03-31,6719950,Imperial College London,Dept of Physics,SW7 2AZ,London,Myungshik,,Kim,http://gtr.rcuk.ac.uk:80/projects?ref=EP%2FG037043%2F1
Developing Research Capacity for Inclusive Urban Governance: a Sheffield-Witwatersrand PhD training partnership,ESRC,ES/N013816/1,2015-11-02,2018-11-01,104440,University of Sheffield,Urban Studies and Planning,S10 2TN,Yorkshire and The Humber,Glyn,Owain,Williams,http://gtr.rcuk.ac.uk:80/projects?ref=ES%2FN013816%2F1
Ubiquitous Computing for a Digital Economy,EPSRC,EP/G037574/1,2009-10-01,2018-03-31,5703940,University of Nottingham,School of Computer Science,NG7 2RD,East Midlands,Steve,,Benford,http://gtr.rcuk.ac.uk:80/projects?ref=EP%2FG037574%2F1
"The Social Analytics Strategic Network (SASNet), a joint proposal by UBDC (Glasgow) and BLG DRC (Essex) focussing on capacity-building in Big Data.",ESRC,ES/N009401/1,2016-01-14,2017-09-30,99456,University of Glasgow,School of Social & Political Sciences,G12 8QQ,Scotland,Piyushimita (Vonu),,Thakuriah,http://gtr.rcuk.ac.uk:80/projects?ref=ES%2FN009401%2F1
DTP - University of Exeter,EPSRC,EP/M508044/1,2015-10-01,2019-09-30,980980,University of Exeter,Research Grant Administration,EX4 4QX,South West,Paula,Tracey,Frost,http://gtr.rcuk.ac.uk:80/projects?ref=EP%2FM508044%2F1
STFC Glasgow 2015 DTP,STFC,ST/N504075/1,2015-10-01,2020-09-30,1462130,University of Glasgow,School of Physics and Astronomy,G12 8QQ,Scotland,Martin,,Hendry,http://gtr.rcuk.ac.uk:80/projects?ref=ST%2FN504075%2F1
STFC Keele 2015 DTP,STFC,ST/N504348/1,2015-10-01,2020-09-30,216765,Keele University,Faculty of Natural Sciences,ST5 5BG,West Midlands,Coel,,Hellier,http://gtr.rcuk.ac.uk:80/projects?ref=ST%2FN504348%2F1
DTP - University of Surrey,EPSRC,EP/M508160/1,2015-10-01,2019-09-30,1177740,University of Surrey,Finance and Financial Management,GU2 7XH,South East,Richard,,Bowden,http://gtr.rcuk.ac.uk:80/projects?ref=EP%2FM508160%2F1
STFC Newcastle 2015 DTP,STFC,ST/N504191/1,2015-10-01,2020-09-30,144510,Newcastle University,Mathematics and Statistics,NE1 7RU,North East,Robin,,Henderson,http://gtr.rcuk.ac.uk:80/projects?ref=ST%2FN504191%2F1
STFC Strathclyde 2015 DTP,STFC,ST/N504439/1,2015-10-01,2023-09-30,144510,University of Strathclyde,Physics,G1 1XQ,Scotland,Erling,,Riis,http://gtr.rcuk.ac.uk:80/projects?ref=ST%2FN504439%2F1
STFC Armagh 2015 DTP,STFC,ST/N503927/1,2015-10-19,2020-10-18,144510,Armagh Observatory,Astronomy,BT61 9DG,Northern Ireland,Mark Edward,,Bailey,http://gtr.rcuk.ac.uk:80/projects?ref=ST%2FN503927%2F1
STFC Lancaster 2015 DTP,STFC,ST/N504385/1,2015-10-01,2020-09-30,347880,Lancaster University,Physics,LA1 4YW,North West,Roger,William,Jones,http://gtr.rcuk.ac.uk:80/projects?ref=ST%2FN504385%2F1
DTP - University of Sussex,EPSRC,EP/M508172/1,2015-10-01,2019-09-30,415241,University of Sussex,Research Finance,BN1 9RH,South East,Linda,,Allfrey,http://gtr.rcuk.ac.uk:80/projects?ref=EP%2FM508172%2F1
STFC UCLan 2015 DTP,STFC,ST/N504014/1,2015-10-01,2020-09-30,361275,University of Central Lancashire,Jeremiah Horrocks Institute,PR1 2HE,North West,Derek,,Ward-Thompson,http://gtr.rcuk.ac.uk:80/projects?ref=ST%2FN504014%2F1
STFC Open 2015 DTP,STFC,ST/N50421X/1,2015-10-01,2020-09-30,794805,Open University,Physical Sciences,MK7 6AA,South East,Monica,Mary,Grady,http://gtr.rcuk.ac.uk:80/projects?ref=ST%2FN50421X%2F1
DTP - University of Leeds,EPSRC,EP/M50807X/1,2015-10-01,2019-09-30,2523770,University of Leeds,Research Student Administration,LS2 9JT,Yorkshire and The Humber,Caroline,Fiona,Neave,http://gtr.rcuk.ac.uk:80/projects?ref=EP%2FM50807X%2F1
DTP - University of Reading,EPSRC,EP/M508123/1,2015-10-01,2019-09-30,661457,University of Reading,Finance Office,RG6 6AH,South East,Jonathan,David,Lloyd,http://gtr.rcuk.ac.uk:80/projects?ref=EP%2FM508123%2F1
DTP - University of Birmingham,EPSRC,EP/M508202/1,2015-10-01,2019-09-30,1991680,University of Birmingham,Personnel Services,B15 2TT,West Midlands,Peter,,Mandeville,http://gtr.rcuk.ac.uk:80/projects?ref=EP%2FM508202%2F1
DTP - University of Bristol,EPSRC,EP/M507994/1,2015-10-01,2019-09-30,3833650,University of Bristol,Senior Faculty Accountant,BS8 1TH,South West,Jane,,FitzWalter,http://gtr.rcuk.ac.uk:80/projects?ref=EP%2FM507994%2F1
DTP - University of Southampton,EPSRC,EP/M508147/1,2015-10-01,2019-09-30,5427140,University of Southampton,Research and Innovation Services,SO17 1BJ,South East,Philip,,Jewell,http://gtr.rcuk.ac.uk:80/projects?ref=EP%2FM508147%2F1
DTP - University of Liverpool,EPSRC,EP/M508093/1,2015-10-01,2019-09-30,1776640,University of Liverpool,Graduate School,L69 3BX,North West,Debbie,,Henderson,http://gtr.rcuk.ac.uk:80/projects?ref=EP%2FM508093%2F1
DTP - University College London,EPSRC,EP/M507970/1,2015-10-01,2019-09-30,7149810,University College London,Research Services,WC1E 6BT,London,Ian David Lockhart,,Bogle,http://gtr.rcuk.ac.uk:80/projects?ref=EP%2FM507970%2F1
DTP - University of York,EPSRC,EP/M508196/1,2015-10-01,2019-09-30,1387550,University of York,Physics,YO10 5DD,Yorkshire and The Humber,Brian,,Fulton,http://gtr.rcuk.ac.uk:80/projects?ref=EP%2FM508196%2F1
STFC Kent 2015 DTP,STFC,ST/N50435X/1,2015-10-01,2020-09-30,72255,University of Kent,Sch of Physical Sciences,CT2 7NZ,South East,Mark,,Green,http://gtr.rcuk.ac.uk:80/projects?ref=ST%2FN50435X%2F1
DTP - Lancaster University,EPSRC,EP/M507891/1,2015-10-01,2019-09-30,982367,Lancaster University,Computing & Communications,LA1 4YW,North West,Chris,,Edwards,http://gtr.rcuk.ac.uk:80/projects?ref=EP%2FM507891%2F1
DTP - King's College London,EPSRC,EP/M50788X/1,2015-10-01,2019-09-30,921850,King's College London,King's College London Central Offices,SE1 3QD,London,Jennie,,Eldridge,http://gtr.rcuk.ac.uk:80/projects?ref=EP%2FM50788X%2F1
STFC Leicester 2015 DTP,STFC,ST/N504117/1,2015-10-01,2020-09-30,1372840,University of Leicester,Physics and Astronomy,LE1 7RH,East Midlands,Paul,Thomas,O'Brien,http://gtr.rcuk.ac.uk:80/projects?ref=ST%2FN504117%2F1
DTP - Loughborough University,EPSRC,EP/M507908/1,2015-10-01,2019-09-30,916227,Loughborough University,Research Student Office,LE11 3TU,East Midlands,Brigette,,Vale,http://gtr.rcuk.ac.uk:80/projects?ref=EP%2FM507908%2F1
DTP - Cardiff University,EPSRC,EP/M507842/1,2015-10-01,2019-09-30,1151710,Cardiff University,Registry,CF10 3TE,Wales,Rhian,Wyn,Phillips,http://gtr.rcuk.ac.uk:80/projects?ref=EP%2FM507842%2F1
DTP - University of Edinburgh,EPSRC,EP/M508032/1,2015-10-01,2019-09-30,3235920,University of Edinburgh,College of Science and Engineering,EH8 9YL,Scotland,Julia,Miller,Ferguson,http://gtr.rcuk.ac.uk:80/projects?ref=EP%2FM508032%2F1
DTP - Imperial College London,EPSRC,EP/M507878/1,2015-10-01,2019-09-30,8355170,Imperial College London,Research Office,SW7 2AZ,London,Malcolm,,Aldridge,http://gtr.rcuk.ac.uk:80/projects?ref=EP%2FM507878%2F1
DTP - University of Nottingham,EPSRC,EP/M50810X/1,2015-10-01,2019-09-30,2176740,University of Nottingham,Research and Graduate Services,NG7 2RD,East Midlands,Richard,,Masterman,http://gtr.rcuk.ac.uk:80/projects?ref=EP%2FM50810X%2F1
STFC Exeter 2015 DTP,STFC,ST/N504063/1,2015-10-01,2020-09-30,361275,University of Exeter,Physics,EX4 4QX,South West,William,Leslie,Barnes,http://gtr.rcuk.ac.uk:80/projects?ref=ST%2FN504063%2F1
STFC QMUL 2015 DTP,STFC,ST/N504257/1,2015-10-01,2020-09-30,1060730,"Queen Mary, University of London",Physics,E1 4NS,London,Stephen,,Lloyd,http://gtr.rcuk.ac.uk:80/projects?ref=ST%2FN504257%2F1
STFC Bristol 2015 DTP,STFC,ST/N503952/1,2015-10-01,2020-09-30,472772,University of Bristol,Physics,BS8 1TH,South West,James,,Annett,http://gtr.rcuk.ac.uk:80/projects?ref=ST%2FN503952%2F1
DTP - University of Glasgow,EPSRC,EP/M508056/1,2015-10-01,2019-09-30,2854310,University of Glasgow,Research and Enterprise,G12 8QQ,Scotland,Mary Beth,,Kneafsey,http://gtr.rcuk.ac.uk:80/projects?ref=EP%2FM508056%2F1
STFC Nottingham 2015 DTP,STFC,ST/N504208/1,2015-10-01,2020-09-30,426046,University of Nottingham,Sch of Physics & Astronomy,NG7 2RD,East Midlands,Michael,Ralph,Merrifield,http://gtr.rcuk.ac.uk:80/projects?ref=ST%2FN504208%2F1
STFC Swansea 2015 DTP,STFC,ST/N504464/1,2015-10-01,2020-09-30,279042,Swansea University,College of Science,SA2 8PP,Wales,Graham,,Shore,http://gtr.rcuk.ac.uk:80/projects?ref=ST%2FN504464%2F1
STFC Cardiff 2015 DTP,STFC,ST/N504002/1,2015-10-01,2020-09-30,510668,Cardiff University,School of Physics and Astronomy,CF10 3TE,Wales,Matt,,Griffin,http://gtr.rcuk.ac.uk:80/projects?ref=ST%2FN504002%2F1
DTP - University of Kent,EPSRC,EP/M508068/1,2015-10-01,2019-09-30,336094,University of Kent,Admissions and Partnership Services,CT2 7NZ,South East,Mary,Patrica,Hughes,http://gtr.rcuk.ac.uk:80/projects?ref=EP%2FM508068%2F1
DTP - University of Dundee,EPSRC,EP/M508019/1,2015-10-01,2019-09-30,328366,University of Dundee,Executive,DD1 4HN,Scotland,Martin,,Glover,http://gtr.rcuk.ac.uk:80/projects?ref=EP%2FM508019%2F1
STFC Sussex 2015 DTP,STFC,ST/N504452/1,2015-10-01,2020-09-30,579847,University of Sussex,Sch of Mathematical & Physical Sciences,BN1 9RH,South East,Sebastian,,Jaeger,http://gtr.rcuk.ac.uk:80/projects?ref=ST%2FN504452%2F1
STFC Surrey 2015 DTP,STFC,ST/N504440/1,2015-10-01,2020-09-30,319468,University of Surrey,Physics,GU2 7XH,South East,Paul,Jonathan,Sellin,http://gtr.rcuk.ac.uk:80/projects?ref=ST%2FN504440%2F1
DTP - University of Cambridge,EPSRC,EP/M508007/1,2015-10-01,2019-09-30,6172770,University of Cambridge,Board of Graduate Studies,CB2 1EW,East of England,Noel Antony,,Rutter,http://gtr.rcuk.ac.uk:80/projects?ref=EP%2FM508007%2F1
STFC Dundee 2015 DTP,STFC,ST/N504026/1,2016-09-12,2021-09-11,72255,University of Dundee,Mathematics,DD1 4HN,Scotland,Fordyce,Alexander,Davidson,http://gtr.rcuk.ac.uk:80/projects?ref=ST%2FN504026%2F1
DTP - University of Strathclyde,EPSRC,EP/M508159/1,2015-10-01,2019-09-30,1609810,University of Strathclyde,Research and Knowledge Exchange Services,G1 1XQ,Scotland,Craig,,Young,http://gtr.rcuk.ac.uk:80/projects?ref=EP%2FM508159%2F1
STFC Birmingham 2015 DTP,STFC,ST/N503939/1,2015-10-01,2020-09-30,890851,University of Birmingham,School of Physics and Astronomy,B15 2TT,West Midlands,Andrew John,,Schofield,http://gtr.rcuk.ac.uk:80/projects?ref=ST%2FN503939%2F1
STFC LJMU 2015 DTP,STFC,ST/N504154/1,2015-10-01,2020-09-30,578040,Liverpool John Moores University,Astrophysics Research Institute,L3 5UX,North West,MF,,Bode,http://gtr.rcuk.ac.uk:80/projects?ref=ST%2FN504154%2F1
DTP - University of Leicester,EPSRC,EP/M508081/1,2015-10-01,2019-09-30,360227,University of Leicester,Finance Office,LE1 7RH,East Midlands,Ruth,Susan,Daly,http://gtr.rcuk.ac.uk:80/projects?ref=EP%2FM508081%2F1
STFC York 2015 DTP,STFC,ST/N50452X/1,2015-10-01,2020-09-30,236422,University of York,Physics,YO10 5DD,Yorkshire and The Humber,Sarah,Madeleine,Thompson,http://gtr.rcuk.ac.uk:80/projects?ref=ST%2FN50452X%2F1
DTP - Swansea University,EPSRC,EP/M507957/1,2015-09-18,2019-09-17,438854,Swansea University,Research and Innovation,SA2 8PP,Wales,Julie,Elizabeth,Pugsley,http://gtr.rcuk.ac.uk:80/projects?ref=EP%2FM507957%2F1
STFC Portsmouth 2015 DTP,STFC,ST/N504245/1,2015-10-01,2020-09-30,433530,University of Portsmouth,Institute of Cosmology and Gravitation,PO1 2UP,South East,David,Graham,Wands,http://gtr.rcuk.ac.uk:80/projects?ref=ST%2FN504245%2F1
STFC Edinburgh 2015 DTP,STFC,ST/N504051/1,2015-10-01,2020-09-30,1406180,University of Edinburgh,Sch of Physics and Astronomy,EH8 9YL,Scotland,Arthur,Stewart,Trew,http://gtr.rcuk.ac.uk:80/projects?ref=ST%2FN504051%2F1
STFC Aberystwyth 2015 DTP,STFC,ST/N503915/1,2015-10-01,2020-09-30,72255,Aberystwyth University,Inst of Mathematical and Physical Sci,SY23 2AX,Wales,Andy,,Evans,http://gtr.rcuk.ac.uk:80/projects?ref=ST%2FN503915%2F1
DTP - Newcastle University,EPSRC,EP/M50791X/1,2015-10-01,2019-09-30,1766210,Newcastle University,Research and Enterprise Services,NE1 7RU,North East,Nicky,M,Houghton,http://gtr.rcuk.ac.uk:80/projects?ref=EP%2FM50791X%2F1
STFC Hertfordshire 2015 DTP,STFC,ST/N504105/1,2015-10-01,2020-09-30,361275,University of Hertfordshire,"School of Physics, Astronomy and Maths",AL10 9AB,East of England,Martin,John,Hardcastle,http://gtr.rcuk.ac.uk:80/projects?ref=ST%2FN504105%2F1
STFC NHM 2015 DTP,STFC,ST/N50418X/1,2016-02-01,2021-01-31,158510,The Natural History Museum,Earth Sciences,SW7 5BD,London,Richard Jeremy,,Herrington,http://gtr.rcuk.ac.uk:80/projects?ref=ST%2FN50418X%2F1
STFC Brunel 2015 DTP,STFC,ST/N503964/1,2015-10-01,2020-09-30,91132,Brunel University,Sch of Engineering and Design,UB8 3PH,London,Peter,Robert,Hobson,http://gtr.rcuk.ac.uk:80/projects?ref=ST%2FN503964%2F1
DTP - University of Warwick,EPSRC,EP/M508184/1,2015-10-01,2019-09-30,2821030,University of Warwick,Research Support Services,CV4 7AL,West Midlands,Dan,,Pearson,http://gtr.rcuk.ac.uk:80/projects?ref=EP%2FM508184%2F1
STFC Warwick 2015 DTP,STFC,ST/N504506/1,2015-10-01,2020-09-30,830791,University of Warwick,Physics,CV4 7AL,West Midlands,David,R,Leadley,http://gtr.rcuk.ac.uk:80/projects?ref=ST%2FN504506%2F1
DTP - Durham University,EPSRC,EP/M507854/1,2015-10-01,2019-09-30,1254950,Durham University,Student Financial Support,DH1 3HP,North East,Andrea,,Bailey,http://gtr.rcuk.ac.uk:80/projects?ref=EP%2FM507854%2F1
DTP - University of Bath,EPSRC,EP/M507982/1,2015-10-01,2019-09-30,1954800,University of Bath,Research Support,BA2 7AY,South West,Karen,,Toogood,http://gtr.rcuk.ac.uk:80/projects?ref=EP%2FM507982%2F1
DTP - University of Oxford,EPSRC,EP/M508111/1,2015-10-01,2019-09-30,4945300,University of Oxford,Oxford Physics,OX1 2JD,South East,Martin,,Williams,http://gtr.rcuk.ac.uk:80/projects?ref=EP%2FM508111%2F1
DTP - Heriot-Watt University,EPSRC,EP/M507866/1,2015-10-01,2019-09-30,1155870,Heriot-Watt University,Technology and Research Services,EH14 4AS,Scotland,Alan,,Miller,http://gtr.rcuk.ac.uk:80/projects?ref=EP%2FM507866%2F1
DTP - University of Sheffield,EPSRC,EP/M508135/1,2015-10-01,2019-09-30,3558960,University of Sheffield,Research Finance,S10 2TN,Yorkshire and The Humber,Kirsty,Louise,Lindley,http://gtr.rcuk.ac.uk:80/projects?ref=EP%2FM508135%2F1
STFC RHUL 2015 DTP,STFC,ST/N504269/1,2015-10-01,2020-09-30,422857,"Royal Holloway, University of London",Physics,TW20 0EX,South East,Pedro,,Teixeira-Dias,http://gtr.rcuk.ac.uk:80/projects?ref=ST%2FN504269%2F1
South West DTC GCRF Postdoctoral Fellowships 2016 (pilot),ESRC,ES/P500628/1,2016-10-01,2017-09-30,600000,University of Bristol,Research and Enterprise Development,BS8 1TH,South West,Sally,,Barnes,http://gtr.rcuk.ac.uk:80/projects?ref=ES%2FP500628%2F1
North West DTC GCRF Postdoctoral Fellowships 2016 (pilot),ESRC,ES/P500616/1,2016-10-01,2017-09-30,600000,University of Liverpool,Graduate School,L69 3BX,North West,Gabriel,Gray,Mythen,http://gtr.rcuk.ac.uk:80/projects?ref=ES%2FP500616%2F1
UCL/Bloomsbury DTC GCRF Postdoctoral Fellowships 2016 (pilot),ESRC,ES/P500653/1,2016-10-01,2017-09-30,700000,University College London,Economics,WC1E 6BT,London,Andrew,,Tolmie,http://gtr.rcuk.ac.uk:80/projects?ref=ES%2FP500653%2F1
Multi-Scale Modelling of Hybrid Perovskites for Solar Cells,EPSRC,EP/M009580/1,2015-02-01,2018-01-31,276565,University of Bath,Chemistry,BA2 7AY,South West,Aron,,Walsh,http://gtr.rcuk.ac.uk:80/projects?ref=EP%2FM009580%2F1
Multi-Scale Modelling of Hybrid Perovskites for Solar Cells,EPSRC,EP/M009602/1,2015-03-31,2018-03-30,340645,King's College London,Physics,SE1 3QD,London,Mark,,van Schilfgaarde,http://gtr.rcuk.ac.uk:80/projects?ref=EP%2FM009602%2F1
STFC Cambridge DAMTP 2015 DTP,STFC,ST/N503976/1,2015-10-01,2020-09-30,854588,University of Cambridge,Applied Maths and Theoretical Physics,CB2 1EW,East of England,Peter Howard,,Haynes,http://gtr.rcuk.ac.uk:80/projects?ref=ST%2FN503976%2F1
STFC Leeds Physics 2015 DTP,STFC,ST/N504403/1,2015-10-01,2020-09-30,216765,University of Leeds,Physics and Astronomy,LS2 9JT,Yorkshire and The Humber,Thomas,,Hartquist,http://gtr.rcuk.ac.uk:80/projects?ref=ST%2FN504403%2F1
STFC Southampton Maths 2015 DTP,STFC,ST/N504294/1,2015-10-01,2020-09-30,144510,University of Southampton,School of Mathematics,SO17 1BJ,South East,James,Alastair,Vickers,http://gtr.rcuk.ac.uk:80/projects?ref=ST%2FN504294%2F1
DTP - Queen's University of Belfast,EPSRC,EP/M507933/1,2015-10-01,2019-09-30,1805550,Queen's University of Belfast,Research and Regional Services,BT7 1NN,Northern Ireland,Mark,,Kelly,http://gtr.rcuk.ac.uk:80/projects?ref=EP%2FM507933%2F1
STFC Liverpool Physics 2015 DTP,STFC,ST/N504142/1,2015-10-01,2020-09-30,989653,University of Liverpool,Physics,L69 3BX,North West,Timothy,,Greenshaw,http://gtr.rcuk.ac.uk:80/projects?ref=ST%2FN504142%2F1
STFC Cambridge IoA 2015 DTP,STFC,ST/N503988/1,2015-10-01,2020-09-30,1228340,University of Cambridge,Institute of Astronomy,CB2 1EW,East of England,Andrew,,Fabian,http://gtr.rcuk.ac.uk:80/projects?ref=ST%2FN503988%2F1
DTP - University of St Andrews,EPSRC,EP/M508214/1,2015-10-01,2019-09-30,1958110,University of St Andrews,Psychology,KY16 9AJ,Scotland,Malcolm,,MacLeod,http://gtr.rcuk.ac.uk:80/projects?ref=EP%2FM508214%2F1
STFC Kings Maths 2015 DTP,STFC,ST/N504361/1,2015-10-01,2020-09-30,230282,King's College London,Mathematics,SE1 3QD,London,Peter,Christopher,West,http://gtr.rcuk.ac.uk:80/projects?ref=ST%2FN504361%2F1
STFC Oxford Earth 2015 DTP,STFC,ST/N504221/1,2015-10-01,2020-09-30,144510,University of Oxford,Earth Sciences,OX1 2JD,South East,Gideon,,Henderson,http://gtr.rcuk.ac.uk:80/projects?ref=ST%2FN504221%2F1
STFC Cambridge Physics 2015 DTP,STFC,ST/N50399X/1,2015-10-01,2020-09-30,756597,University of Cambridge,Physics,CB2 1EW,East of England,Michael Andrew,,Parker,http://gtr.rcuk.ac.uk:80/projects?ref=ST%2FN50399X%2F1
DTP 2016-2017 Lancaster University,EPSRC,EP/N509504/1,2016-10-01,2021-09-30,1754200,Lancaster University,Vice-Chancellor's Office,LA1 4YW,North West,Stephen,Paul,Decent,http://gtr.rcuk.ac.uk:80/projects?ref=EP%2FN509504%2F1
STFC Imperial Physics 2015 DTP,STFC,ST/N504336/1,2015-10-01,2020-09-30,2276520,Imperial College London,Dept of Physics,SW7 2AZ,London,Jordan,,Nash,http://gtr.rcuk.ac.uk:80/projects?ref=ST%2FN504336%2F1
STFC Imperial Earth 2015 DTP,STFC,ST/N504312/1,2015-10-01,2020-09-30,317020,Imperial College London,Earth Science and Engineering,SW7 2AZ,London,Jan,,Cilliers,http://gtr.rcuk.ac.uk:80/projects?ref=ST%2FN504312%2F1
STFC Durham Physics 2015 DTP,STFC,ST/N50404X/1,2015-10-01,2020-09-30,1791410,Durham University,Physics,DH1 3HP,North East,Simon,Leo,Morris,http://gtr.rcuk.ac.uk:80/projects?ref=ST%2FN50404X%2F1
STFC Sheffield Maths 2015 DTP,STFC,ST/N504270/1,2015-10-01,2020-09-30,144510,University of Sheffield,Mathematics and Statistics,S10 2TN,Yorkshire and The Humber,J,D,Biggins,http://gtr.rcuk.ac.uk:80/projects?ref=ST%2FN504270%2F1
STFC Oxford Physics 2015 DTP,STFC,ST/N504233/1,2015-10-01,2020-09-30,2580730,University of Oxford,Oxford Physics,OX1 2JD,South East,John,,Wheater,http://gtr.rcuk.ac.uk:80/projects?ref=ST%2FN504233%2F1
STFC UCL Physics 2015 DTP,STFC,ST/N50449X/1,2015-10-01,2020-09-30,1172190,University College London,Physics and Astronomy,WC1E 6BT,London,Jonathan,Mark,Butterworth,http://gtr.rcuk.ac.uk:80/projects?ref=ST%2FN50449X%2F1
DTP - University of East Anglia,EPSRC,EP/M508020/1,2015-10-01,2019-09-30,466643,University of East Anglia,Graduate Office,NR4 7TJ,East of England,Melanie,Sarah,Steele,http://gtr.rcuk.ac.uk:80/projects?ref=EP%2FM508020%2F1
STFC Imperial Eng 2015 DTP,STFC,ST/N504324/1,2016-10-01,2021-09-30,79255,Imperial College London,Electrical and Electronic Engineering,SW7 2AZ,London,Peter Y K,,Cheung,http://gtr.rcuk.ac.uk:80/projects?ref=ST%2FN504324%2F1
STFC Liverpool Cockcroft 2015 DTP,STFC,ST/N504129/1,2015-10-01,2020-09-30,654564,University of Liverpool,Physics,L69 3BX,North West,Peter,,Ratoff,http://gtr.rcuk.ac.uk:80/projects?ref=ST%2FN504129%2F1
STFC Kings Physics 2015 DTP,STFC,ST/N504373/1,2015-10-01,2020-09-30,232776,King's College London,Physics,SE1 3QD,London,David,,Richards,http://gtr.rcuk.ac.uk:80/projects?ref=ST%2FN504373%2F1
DTP - The University of Manchester,EPSRC,EP/M507969/1,2015-10-01,2019-09-30,3268210,University of Manchester,Engineering and Physical Sciences,M13 9PL,North West,Lee,James,Wilkinson,http://gtr.rcuk.ac.uk:80/projects?ref=EP%2FM507969%2F1
DTP 2016-2017 Cranfield University,EPSRC,EP/N509450/1,2016-10-01,2021-09-30,1256420,Cranfield University,Administration,MK43 0AL,East of England,Christine,,Thompson,http://gtr.rcuk.ac.uk:80/projects?ref=EP%2FN509450%2F1
STFC Durham Maths 2015 DTP,STFC,ST/N504038/1,2015-10-01,2020-09-30,348802,Durham University,Mathematical Sciences,DH1 3HP,North East,Anne,,Taormina,http://gtr.rcuk.ac.uk:80/projects?ref=ST%2FN504038%2F1
STFC UCL Earth 2015 DTP,STFC,ST/N504476/1,2015-10-01,2020-09-30,158510,University College London,Earth Sciences,WC1E 6BT,London,Lars,,Stixrude,http://gtr.rcuk.ac.uk:80/projects?ref=ST%2FN504476%2F1
STFC Liverpool Maths 2015 DTP,STFC,ST/N504130/1,2015-10-01,2020-09-30,279042,University of Liverpool,Mathematical Sciences,L69 3BX,North West,David,Ian,Jack,http://gtr.rcuk.ac.uk:80/projects?ref=ST%2FN504130%2F1
DTP 2016-2017 Aston University,EPSRC,EP/N509425/1,2016-10-01,2021-09-30,778552,Aston University,Unlisted,B4 7ET,West Midlands,Sally,,Puzey,http://gtr.rcuk.ac.uk:80/projects?ref=EP%2FN509425%2F1
STFC Leeds Maths 2015 DTP,STFC,ST/N504397/1,2015-10-01,2020-09-30,216765,University of Leeds,Applied Mathematics,LS2 9JT,Yorkshire and The Humber,Steve,,Tobias,http://gtr.rcuk.ac.uk:80/projects?ref=ST%2FN504397%2F1
DTP 2016-2017 Brunel University,EPSRC,EP/N509437/1,2016-10-01,2021-09-30,1404660,Brunel University,Research Support and Development Office,UB8 3PH,London,Adam,,Bell,http://gtr.rcuk.ac.uk:80/projects?ref=EP%2FN509437%2F1
DTP 2016-2017 Swansea University,EPSRC,EP/N509553/1,2016-10-01,2021-09-30,1300220,Swansea University,Research and Innovation,SA2 8PP,Wales,Julie,Elizabeth,Pugsley,http://gtr.rcuk.ac.uk:80/projects?ref=EP%2FN509553%2F1
DTP 2016-2017 Newcastle University,EPSRC,EP/N509528/1,2016-10-01,2021-09-30,3373730,Newcastle University,Research and Enterprise Services,NE1 7RU,North East,Nicky,M,Houghton,http://gtr.rcuk.ac.uk:80/projects?ref=EP%2FN509528%2F1
STFC UCL MSSL 2015 DTP,STFC,ST/N504488/1,2015-10-01,2020-09-30,792550,University College London,Mullard Space Science Laboratory,WC1E 6BT,London,A,,Smith,http://gtr.rcuk.ac.uk:80/projects?ref=ST%2FN504488%2F1
STFC Manchester Earth 2015 DTP,STFC,ST/N504166/1,2015-10-01,2020-09-30,289020,University of Manchester,Earth Atmospheric and Env Sciences,M13 9PL,North West,Hugh,,Coe,http://gtr.rcuk.ac.uk:80/projects?ref=ST%2FN504166%2F1
DTP 2016-2017 Cardiff University,EPSRC,EP/N509449/1,2016-10-01,2021-09-30,1473820,Cardiff University,Registry,CF10 3TE,Wales,Rhian,Wyn,Phillips,http://gtr.rcuk.ac.uk:80/projects?ref=EP%2FN509449%2F1
Cyber Security CDT Phase Two (University of Oxford),EPSRC,EP/P00881X/1,2016-10-01,2023-03-31,3489110,University of Oxford,Computer Science,OX1 2JD,South East,Andrew,,Martin,http://gtr.rcuk.ac.uk:80/projects?ref=EP%2FP00881X%2F1
The Digital Creativity Hub,EPSRC,EP/M023265/1,2015-10-01,2020-09-30,4039830,University of York,Computer Science,YO10 5DD,Yorkshire and The Humber,Peter,Ivan,Cowling,http://gtr.rcuk.ac.uk:80/projects?ref=EP%2FM023265%2F1
STFC St Andrews Physics 2015 DTP,STFC,ST/N504427/1,2015-10-01,2020-09-30,216765,University of St Andrews,Physics and Astronomy,KY16 9AJ,Scotland,Andrew Collier,,Cameron,http://gtr.rcuk.ac.uk:80/projects?ref=ST%2FN504427%2F1
STFC West of Scot 2015 DTP,STFC,ST/N504518/1,2016-02-01,2021-01-31,149498,University of the West of Scotland,School of Science,PA1 2BE,Scotland,John,Francis,Smith,http://gtr.rcuk.ac.uk:80/projects?ref=ST%2FN504518%2F1
DTP 2016-2017 The University of Manchester,EPSRC,EP/N509565/1,2016-10-01,2021-09-30,6595230,University of Manchester,Research Support Services,M13 9PL,North West,Lee,James,Wilkinson,http://gtr.rcuk.ac.uk:80/projects?ref=EP%2FN509565%2F1
DTP 2016-2017 University of Huddersfield,EPSRC,EP/N50967X/1,2016-09-19,2021-09-18,553518,University of Huddersfield,Research and Enterprise,HD1 3DH,Yorkshire and The Humber,Elizabeth,,Towns-Andrews,http://gtr.rcuk.ac.uk:80/projects?ref=EP%2FN50967X%2F1
The Oxford DTP in Environmental Research,NERC,NE/L002612/1,2014-09-01,2020-10-31,6551260,University of Oxford,"Mathematical, Physical&Life Sciences Div",OX1 2JD,South East,David,,Pyle,http://gtr.rcuk.ac.uk:80/projects?ref=NE%2FL002612%2F1
DTP 2016-2017 University of Aberdeen,EPSRC,EP/N509814/1,2016-10-01,2021-09-30,488820,University of Aberdeen,Research Finance Manager,AB24 3FX,Scotland,Kerry,,Duffus,http://gtr.rcuk.ac.uk:80/projects?ref=EP%2FN509814%2F1
DTP 2016-2017 University of Leeds,EPSRC,EP/N509681/1,2016-10-01,2021-09-30,4163130,University of Leeds,Research Student Administration,LS2 9JT,Yorkshire and The Humber,Caroline,Fiona,Neave,http://gtr.rcuk.ac.uk:80/projects?ref=EP%2FN509681%2F1
DTP 2016-2017 University of Liverpool,EPSRC,EP/N509693/1,2016-10-01,2021-09-30,2101400,University of Liverpool,Graduate School,L69 3BX,North West,Debbie,,Henderson,http://gtr.rcuk.ac.uk:80/projects?ref=EP%2FN509693%2F1
DTP 2016-2017 University of Southampton,EPSRC,EP/N509747/1,2016-10-01,2021-09-30,8694380,University of Southampton,Research and Innovation Services,SO17 1BJ,South East,Philip,,Jewell,http://gtr.rcuk.ac.uk:80/projects?ref=EP%2FN509747%2F1
DTP 2016-2017 University of Birmingham,EPSRC,EP/N509590/1,2016-10-01,2021-09-30,5755880,University of Birmingham,Personnel Services,B15 2TT,West Midlands,Hilary,,Watson,http://gtr.rcuk.ac.uk:80/projects?ref=EP%2FN509590%2F1
STFC Southampton Physics &amp; Astronomy 2015 DTP,STFC,ST/N504300/1,2015-10-01,2020-09-30,423552,University of Southampton,School of Physics and Astronomy,SO17 1BJ,South East,Philip,Allan,Charles,http://gtr.rcuk.ac.uk:80/projects?ref=ST%2FN504300%2F1
DTP 2016-2017 University of St Andrews,EPSRC,EP/N509759/1,2016-10-01,2021-09-30,1747260,University of St Andrews,Office of the Principal,KY16 9AJ,Scotland,John,Derek,Woollins,http://gtr.rcuk.ac.uk:80/projects?ref=EP%2FN509759%2F1
DTP 2016-2017 University of Sussex,EPSRC,EP/N509784/1,2016-10-01,2021-09-30,547346,University of Sussex,Research Finance,BN1 9RH,South East,Linda,,Allfrey,http://gtr.rcuk.ac.uk:80/projects?ref=EP%2FN509784%2F1
DTP 2016-2017 University of Cambridge,EPSRC,EP/N509620/1,2016-10-01,2021-09-30,12786000,University of Cambridge,Board of Graduate Studies,CB2 1EW,East of England,Noel Antony,,Rutter,http://gtr.rcuk.ac.uk:80/projects?ref=EP%2FN509620%2F1
DTP 2016-2017 University of Bath,EPSRC,EP/N509589/1,2016-10-01,2021-09-30,4208200,University of Bath,Research Support,BA2 7AY,South West,Karen,,Toogood,http://gtr.rcuk.ac.uk:80/projects?ref=EP%2FN509589%2F1
"DTP - Queen Mary, University of London",EPSRC,EP/M507921/1,2015-10-01,2019-09-30,992115,"Queen Mary, University of London",Research Support Services,E1 4NS,London,Jan,,Clarke,http://gtr.rcuk.ac.uk:80/projects?ref=EP%2FM507921%2F1
STFC Heriot Watt Eng 2015 DTP,STFC,ST/N504087/1,2015-10-01,2020-09-30,72255,Heriot-Watt University,Sch of Engineering and Physical Science,EH14 4AS,Scotland,Robert,Roderick,Thomson,http://gtr.rcuk.ac.uk:80/projects?ref=ST%2FN504087%2F1
STFC St Andrews Maths 2015 DTP,STFC,ST/N504415/1,2015-10-01,2020-09-30,216765,University of St Andrews,Mathematics and Statistics,KY16 9AJ,Scotland,Nik,,Ruskuc,http://gtr.rcuk.ac.uk:80/projects?ref=ST%2FN504415%2F1
STFC Manchester Physics &amp; Astronomy 2015 DTP,STFC,ST/N504178/1,2015-10-01,2020-09-30,1947730,University of Manchester,Physics and Astronomy,M13 9PL,North West,Stephen,,Watts,http://gtr.rcuk.ac.uk:80/projects?ref=ST%2FN504178%2F1
DTP 2016-2017 University of Warwick,EPSRC,EP/N509796/1,2016-10-01,2021-09-30,4824770,University of Warwick,Research Support Services,CV4 7AL,West Midlands,Dan,,Pearson,http://gtr.rcuk.ac.uk:80/projects?ref=EP%2FN509796%2F1
DTP 2016-2017 Queen's University of Belfast,EPSRC,EP/N509541/1,2016-10-01,2021-09-30,2471760,Queen's University of Belfast,Research and Regional Services,BT7 1NN,Northern Ireland,Mark,,Kelly,http://gtr.rcuk.ac.uk:80/projects?ref=EP%2FN509541%2F1
DTP 2016-2017 University of Exeter,EPSRC,EP/N509656/1,2016-10-01,2021-09-30,1506510,University of Exeter,Research Grant Administration,EX4 4QX,South West,Paula,Tracey,Frost,http://gtr.rcuk.ac.uk:80/projects?ref=EP%2FN509656%2F1
DTP 2016-2017 University of Dundee,EPSRC,EP/N509632/1,2016-10-01,2021-09-30,887440,University of Dundee,Executive,DD1 4HN,Scotland,Timothy,J,Newman,http://gtr.rcuk.ac.uk:80/projects?ref=EP%2FN509632%2F1
DTP 2016-2017 University of Reading,EPSRC,EP/N509723/1,2016-10-01,2021-09-30,549086,University of Reading,Finance Office,RG6 6AH,South East,Jonathan,David,Lloyd,http://gtr.rcuk.ac.uk:80/projects?ref=EP%2FN509723%2F1
"DTP - Royal Holloway, Univ of London",EPSRC,EP/M507945/1,2015-10-01,2019-09-30,399767,"Royal Holloway, University of London",The Academic Registrar,TW20 0EX,South East,Barbara,,Davis,http://gtr.rcuk.ac.uk:80/projects?ref=EP%2FM507945%2F1
DTP 2016-2017 University of Sheffield,EPSRC,EP/N509735/1,2016-10-01,2021-09-30,5533980,University of Sheffield,Research Finance,S10 2TN,Yorkshire and The Humber,Kirsty,Louise,Lindley,http://gtr.rcuk.ac.uk:80/projects?ref=EP%2FN509735%2F1
DTP 2016-2017 University of Nottingham,EPSRC,EP/N50970X/1,2016-10-01,2021-09-30,5531910,University of Nottingham,Research and Graduate Services,NG7 2RD,East Midlands,Richard,,Masterman,http://gtr.rcuk.ac.uk:80/projects?ref=EP%2FN50970X%2F1
STFC Sheffield Physics &amp; Astronomy 2015 DTP,STFC,ST/N504282/1,2015-10-01,2020-09-30,555100,University of Sheffield,Physics and Astronomy,S10 2TN,Yorkshire and The Humber,Nigel,,Clarke,http://gtr.rcuk.ac.uk:80/projects?ref=ST%2FN504282%2F1
DTP 2016-2017 University of Glasgow,EPSRC,EP/N509668/1,2016-10-01,2021-09-30,6095720,University of Glasgow,Research and Enterprise,G12 8QQ,Scotland,Mary Beth,,Kneafsey,http://gtr.rcuk.ac.uk:80/projects?ref=EP%2FN509668%2F1
DTP 2016-2017 University of Surrey,EPSRC,EP/N509772/1,2016-10-01,2021-09-30,2344060,University of Surrey,Finance and Financial Management,GU2 7XH,South East,Yvonne,,Dunstone,http://gtr.rcuk.ac.uk:80/projects?ref=EP%2FN509772%2F1
DTP 2016-2017 Heriot-Watt University,EPSRC,EP/N509474/1,2016-10-01,2021-09-30,1967700,Heriot-Watt University,Sch of Engineering and Physical Science,EH14 4AS,Scotland,Duncan,,Hand,http://gtr.rcuk.ac.uk:80/projects?ref=EP%2FN509474%2F1
STFC Heriot Watt Maths 2015 DTP,STFC,ST/N504099/1,2015-10-01,2020-09-30,139521,Heriot-Watt University,S of Mathematical and Computer Sciences,EH14 4AS,Scotland,Richard Joseph,,Szabo,http://gtr.rcuk.ac.uk:80/projects?ref=ST%2FN504099%2F1
DTP 2016-2017 University of Strathclyde,EPSRC,EP/N509760/1,2016-10-01,2021-09-30,3211780,University of Strathclyde,Research and Knowledge Exchange Services,G1 1XQ,Scotland,Alison,,McFarlane,http://gtr.rcuk.ac.uk:80/projects?ref=EP%2FN509760%2F1
EPSRC UK-RAS Network (The EPSRC UK Network for Robotics and Autonomous Systems),EPSRC,EP/M012522/1,2015-03-02,2019-03-01,507337,Imperial College London,Dept of Computing,SW7 2AZ,London,Guang-Zhong,,Yang,http://gtr.rcuk.ac.uk:80/projects?ref=EP%2FM012522%2F1
A Focused Ion Beam Microscopy Facility for Advanced Materials Analysis,EPSRC,EP/P001483/1,2016-07-01,2017-09-30,1081830,University of Glasgow,School of Physics and Astronomy,G12 8QQ,Scotland,Ian,,MacLaren,http://gtr.rcuk.ac.uk:80/projects?ref=EP%2FP001483%2F1
Medical image computing for next-generation healthcare technology,EPSRC,EP/M020533/1,2015-05-14,2020-05-13,1472260,University College London,Computer Science,WC1E 6BT,London,Daniel,,Alexander,http://gtr.rcuk.ac.uk:80/projects?ref=EP%2FM020533%2F1
Next Generation Multi-Dimensional X-Ray Imaging,EPSRC,EP/M010619/1,2015-02-02,2020-02-01,1219150,University of Manchester,Materials,M13 9PL,North West,Philip,,Withers,http://gtr.rcuk.ac.uk:80/projects?ref=EP%2FM010619%2F1
"Training &amp; Skills Hub in Quantum Systems Engineering: innovation in Quantum Business - Applications, Technology and Engineering (InQuBATE)",EPSRC,EP/P510270/1,2016-04-01,2021-03-31,3597370,University College London,London Centre for Nanotechnology,WC1E 6BT,London,Andrew,,Fisher,http://gtr.rcuk.ac.uk:80/projects?ref=EP%2FP510270%2F1
Augmenting Oxford's Centre for Advanced Electron Spin Resonance with a Bruker Elexsys E580 X/Q-band pulsed ESR spectrometer,EPSRC,EP/L011972/1,2013-10-01,2018-09-30,90300,University of Oxford,Oxford Physics,OX1 2JD,South East,Arzhang,,Ardavan,http://gtr.rcuk.ac.uk:80/projects?ref=EP%2FL011972%2F1
Authority Research Network: creative/performative approaches to democracy and authority research,AHRC,AH/K006045/1,2014-06-01,2016-09-30,32939,University of Brighton,Sch of Environment and Technology,BN2 2GJ,South East,Leila,,Dawney,http://gtr.rcuk.ac.uk:80/projects?ref=AH%2FK006045%2F1
"DTP 2016-2017 Queen Mary, University of London",EPSRC,EP/N50953X/1,2016-10-01,2021-09-30,1315900,"Queen Mary, University of London",Research Support Services,E1 4NS,London,Jan,,Clarke,http://gtr.rcuk.ac.uk:80/projects?ref=EP%2FN50953X%2F1
Whole Systems Energy Modelling Consortium (WholeSEM),EPSRC,EP/K039326/1,2013-07-08,2018-01-07,4607760,University College London,"Bartlett Sch of Env, Energy & Resources",WC1E 6BT,London,Neil,,Strachan,http://gtr.rcuk.ac.uk:80/projects?ref=EP%2FK039326%2F1
RCUK CENTRE for ENERGY EPIDEMIOLOGY (CEE): the study of energy demand in a population.,EPSRC,EP/K011839/1,2013-05-01,2018-04-30,5745860,University College London,"Bartlett Sch of Env, Energy & Resources",WC1E 6BT,London,Tadj,,Oreszczyn,http://gtr.rcuk.ac.uk:80/projects?ref=EP%2FK011839%2F1
Centre for Advanced Materials for Renewable Energy Generation,EPSRC,EP/P007805/1,2016-10-01,2020-09-30,2037440,University of Edinburgh,Sch of Engineering,EH8 9YL,Scotland,Robin,,Wallace,http://gtr.rcuk.ac.uk:80/projects?ref=EP%2FP007805%2F1
"Advanced Materials Characterisation Suite in the Maxwell Centre, University of Cambridge",EPSRC,EP/M000524/1,2015-05-01,2019-04-30,63651,University of Cambridge,Physics,CB2 1EW,East of England,Michael Andrew,,Parker,http://gtr.rcuk.ac.uk:80/projects?ref=EP%2FM000524%2F1
Future Liquid Metal Engineering Hub,EPSRC,EP/N007638/1,2015-11-01,2022-10-31,10138700,Brunel University,Inst of Materials & Manufacturing: BCAST,UB8 3PH,London,Z,,Fan,http://gtr.rcuk.ac.uk:80/projects?ref=EP%2FN007638%2F1
Improving Interpretation Outcomes: quantifying biases and designing workflows for better seismic interpretation,NERC,NE/M007251/1,2015-03-01,2016-05-20,93214,University of Aberdeen,Geology and Petroleum Geology,AB24 3FX,Scotland,Clare,Elizabeth,Bond,http://gtr.rcuk.ac.uk:80/projects?ref=NE%2FM007251%2F1
Living with Digital Ubiquity,EPSRC,EP/M000877/1,2014-11-01,2019-10-31,1225670,University of Nottingham,School of Computer Science,NG7 2RD,East Midlands,Steve,,Benford,http://gtr.rcuk.ac.uk:80/projects?ref=EP%2FM000877%2F1
Grand Challenge Network+ in Proton Therapy,EPSRC,EP/N027167/1,2016-05-01,2020-04-30,677045,University of Manchester,School of Medical Sciences,M13 9PL,North West,Karen,Joy,Kirkby,http://gtr.rcuk.ac.uk:80/projects?ref=EP%2FN027167%2F1
Training &amp; Skills Hub in Quantum Systems Engineering: Imperial Centre for Quantum Engineering &amp; Science,EPSRC,EP/P510257/1,2016-04-01,2021-03-31,3044610,Imperial College London,Dept of Physics,SW7 2AZ,London,Myungshik,,Kim,http://gtr.rcuk.ac.uk:80/projects?ref=EP%2FP510257%2F1
Tier 2 Hub in Materials and Molecular Modelling,EPSRC,EP/P020194/1,2016-10-01,2021-09-30,4000000,University College London,Physics and Astronomy,WC1E 6BT,London,Angelos,,Michaelides,http://gtr.rcuk.ac.uk:80/projects?ref=EP%2FP020194%2F1
"Centre for the Analysis of Motion, Entertainment Research and Applications (CAMERA)",EPSRC,EP/M023281/1,2015-09-01,2020-08-31,3994060,University of Bath,Computer Science,BA2 7AY,South West,Darren,Peter,Cosker,http://gtr.rcuk.ac.uk:80/projects?ref=EP%2FM023281%2F1
ESRC AMR Research Champion,ESRC,ES/N015169/1,2015-10-01,2017-03-31,119900,University of Bristol,Social Medicine,BS8 1TH,South West,Helen,,Lambert,http://gtr.rcuk.ac.uk:80/projects?ref=ES%2FN015169%2F1
Transforming Industrial Crystallization by Sono-mechanical Manipulation of Crystal Surfaces,EPSRC,EP/L014971/1,2014-04-28,2019-04-27,1071470,University of Strathclyde,Chemical and Process Engineering,G1 1XQ,Scotland,Christopher,John,Price,http://gtr.rcuk.ac.uk:80/projects?ref=EP%2FL014971%2F1
South African PhD Partnering Network for Inclusive Growth through Social Innovation and Entrepreneurship - The SASIE Programme and Network,ESRC,ES/N013840/1,2015-11-02,2018-11-01,152256,University of Essex,Essex Business School,CO4 3SQ,East of England,Diane,,Holt,http://gtr.rcuk.ac.uk:80/projects?ref=ES%2FN013840%2F1
EPSRC Fellowships in Manufacturing - Regenerative Medicine Manufacture: A Systems Based Research Platform,EPSRC,EP/K037099/1,2013-08-05,2018-11-04,887758,Loughborough University,"Wolfson Sch of Mech, Elec & Manufac Eng",LE11 3TU,East Midlands,Nicholas,,Medcalf,http://gtr.rcuk.ac.uk:80/projects?ref=EP%2FK037099%2F1
Academic Centre of Excellence in Cyber Security Research - University of Southampton,EPSRC,EP/K003968/1,2012-07-11,2017-07-10,50906,University of Southampton,Electronics and Computer Science,SO17 1BJ,South East,Vladimiro,,Sassone,http://gtr.rcuk.ac.uk:80/projects?ref=EP%2FK003968%2F1
Expressive Finite Element Modelling for HPC: enabling advanced techniques for scientists,EPSRC,EP/N018877/1,2016-05-16,2021-05-15,477780,University of Cambridge,BP Institute,CB2 1EW,East of England,Christopher,Neil,Richardson,http://gtr.rcuk.ac.uk:80/projects?ref=EP%2FN018877%2F1
"The Cambridge Earth System Science DTP: Multi-disciplinary studies of the solid Earth, its atmosphere, oceans, cryosphere and biosphere.",NERC,NE/L002507/1,2014-09-01,2020-10-31,4075580,University of Cambridge,Earth Sciences,CB2 1EW,East of England,Michael,James,Bickle,http://gtr.rcuk.ac.uk:80/projects?ref=NE%2FL002507%2F1
"Doctoral Training Partnership(DTP) in Structural Metallic Systems for Gas Turbine Applications-universities of Cambridge,Swansea and Birmingham.",EPSRC,EP/H022309/1,2009-10-01,2020-03-31,9469810,University of Birmingham,Metallurgy and Materials,B15 2TT,West Midlands,Paul,,Bowen,http://gtr.rcuk.ac.uk:80/projects?ref=EP%2FH022309%2F1
Nuclear Futures - a seminar series to re-make sociotechnical research agendas,ESRC,ES/N009444/1,2015-11-01,2018-02-28,28889,University of Sheffield,Sociological Studies,S10 2TN,Yorkshire and The Humber,Susan,,Molyneux-Hodgson,http://gtr.rcuk.ac.uk:80/projects?ref=ES%2FN009444%2F1
Frequency-comb enabled metrology for manufacturing,EPSRC,EP/N002547/1,2016-03-08,2019-09-07,539278,Heriot-Watt University,Sch of Engineering and Physical Science,EH14 4AS,Scotland,Derryck,,Reid,http://gtr.rcuk.ac.uk:80/projects?ref=EP%2FN002547%2F1
"Enhanced Fluorescent OLEDs, through Triplet Fusion",EPSRC,EP/J015482/1,2013-01-31,2016-07-30,362590,Durham University,Physics,DH1 3HP,North East,Andy,,Monkman,http://gtr.rcuk.ac.uk:80/projects?ref=EP%2FJ015482%2F1
Hydrology-phosphorus interactions under changing climate and land-use: overcoming uncertainties and challenges for prediction to 2050 (Nutcat 2050),NERC,NE/K002406/1,2013-08-12,2016-08-11,94160,University of Liverpool,Centre for Engineering Sustainability,L69 3BX,North West,Jian,Guo,Zhou,http://gtr.rcuk.ac.uk:80/projects?ref=NE%2FK002406%2F1
Hydrology-phosphorus interactions under changing climate and land-use: overcoming uncertainties and challenges for prediction to 2050 (Nutcat 2050),NERC,NE/K002430/1,2013-08-14,2016-08-13,68521,Bangor University,Sch of Environment and Natural Resources,LL57 2DG,Wales,Paul,,Withers,http://gtr.rcuk.ac.uk:80/projects?ref=NE%2FK002430%2F1
The Digital Economy Innovation Centre,EPSRC,EP/G037582/1,2009-10-01,2018-03-31,5969320,Lancaster University,Computing & Communications,LA1 4YW,North West,Gordon,,Blair,http://gtr.rcuk.ac.uk:80/projects?ref=EP%2FG037582%2F1
Hydrology-phosphorus interactions under changing climate and land-use: overcoming uncertainties and challenges for prediction to 2050 (Nutcat 2050),NERC,NE/K002392/1,2013-08-12,2017-02-11,805235,Lancaster University,Lancaster Environment Centre,LA1 4YW,North West,Philip Matthew,,Haygarth,http://gtr.rcuk.ac.uk:80/projects?ref=NE%2FK002392%2F1
Industrial Doctorate Centre in Composites Manufacture,EPSRC,EP/K50323X/1,2012-10-01,2019-03-31,3926970,University of Bristol,Aerospace Engineering,BS8 1TH,South West,Ivana,Katherine,Partridge,http://gtr.rcuk.ac.uk:80/projects?ref=EP%2FK50323X%2F1
Impacts of different vegetation in riparian buffer strips on hydrology and water quality,BBSRC,BB/N004248/1,2016-01-01,2020-12-31,559862,Rothamsted Research,Sustainable Soils and Grassland Systems,AL5 2JQ,East of England,Adrian,Loric,Collins,http://gtr.rcuk.ac.uk:80/projects?ref=BB%2FN004248%2F1
UK Regions Digital Research Facility (UK RDRF),EPSRC,EP/M023583/1,2015-10-01,2020-09-30,4000600,University College London,Bartlett Sch of Architecture,WC1E 6BT,London,Alan,,Penn,http://gtr.rcuk.ac.uk:80/projects?ref=EP%2FM023583%2F1
UNDERSTANDING LAVA LAKES USING A NOVEL RADAR ALTIMETER,NERC,NE/N009312/1,2016-04-01,2019-03-31,411140,University of Cambridge,Geography,CB2 1EW,East of England,Clive,,Oppenheimer,http://gtr.rcuk.ac.uk:80/projects?ref=NE%2FN009312%2F1
Single-molecule studies of light-emitting polymers: observing and manipulating polymer conformation in solution,EPSRC,EP/N009886/1,2016-02-01,2019-04-30,397795,University of St Andrews,Physics and Astronomy,KY16 9AJ,Scotland,Carlos,,Penedo,http://gtr.rcuk.ac.uk:80/projects?ref=EP%2FN009886%2F1
Single-molecule studies of light-emitting polymers: observing and manipulating polymer conformation in solution,EPSRC,EP/N009908/1,2016-02-01,2019-01-31,185421,University of Strathclyde,Pure and Applied Chemistry,G1 1XQ,Scotland,Peter,John,Skabara,http://gtr.rcuk.ac.uk:80/projects?ref=EP%2FN009908%2F1
